<vector android:height="24dp" android:viewportHeight="113.38583"
    android:viewportWidth="113.38583" android:width="24dp"
    xmlns:aapt="http://schemas.android.com/aapt" xmlns:android="http://schemas.android.com/apk/res/android">
    <path android:fillAlpha="1" android:fillColor="#00000000"
        android:fillType="evenOdd"
        android:pathData="m69.64,9.48c-0.01,-0.13 2.43,8.07 3.38,17.92 0.33,3.43 0.21,6.91 -0.19,10.33 -0.78,6.55 -2.68,11.8 -3.58,13.35 -0.33,1.25 -0.97,3.75 -0.97,3.75l0.17,1.92c0,0 0.79,8.61 0.31,12.89 -0.4,3.6 -2.35,11.69 -3.09,13.25 -0.37,2.21 -0.68,2.33 -0.68,2.33l-6.09,0.14c0.01,0.06 -0.33,-4.06 -0.94,-9.93 -0.29,-1.46 -0.91,-4.3 -0.83,-5.68 0.23,-3.68 1.55,-12.43 1.55,-12.43 0,0 -1.03,-3.82 -1.23,-5.79 -0.28,-2.7 0.3,-5.45 0.02,-8.16 -0.34,-3.29 -0.85,-9.85 -0.85,-9.85 0,0 -0.51,6.56 -0.85,9.85 -0.28,2.71 0.23,5.45 0.02,8.16 -0.15,1.95 -0.91,5.79 -0.91,5.79 0,0 0.99,8.75 1.22,12.43 0.09,1.38 -0.54,4.22 -0.83,5.68 -0.61,5.86 -0.95,9.99 -0.94,9.93l-6.09,-0.14c0,0 -0.31,-0.12 -0.68,-2.33 -0.75,-1.56 -2.69,-9.65 -3.09,-13.25 -0.48,-4.28 0.31,-12.89 0.31,-12.89l0.17,-1.92c0,0 -0.64,-2.5 -0.97,-3.75 -0.9,-1.54 -2.8,-6.79 -3.58,-13.35 -0.41,-3.42 -0.53,-6.9 -0.19,-10.33 0.96,-9.85 3.4,-18.04 3.38,-17.92z"
        android:strokeAlpha="1" android:strokeColor="#3a7632"
        android:strokeLineCap="butt" android:strokeLineJoin="miter" android:strokeWidth="0.06865364"/>
    <path android:fillAlpha="1" android:fillColor="#00000000"
        android:fillType="nonZero"
        android:pathData="M56.43,56.78m-55,0a55,55 0,1 1,110 0a55,55 0,1 1,-110 0"
        android:strokeAlpha="1" android:strokeColor="#3a7632" android:strokeWidth="0.07559055"/>
    <path android:fillAlpha="1" android:fillColor="#3a7632"
        android:fillType="evenOdd"
        android:pathData="m51.3,18.89 l2.42,7.43 0.36,12.33 -2.18,17.53 1.75,0.54c0,0 0.77,-4.46 0.97,-6.71 0.29,-3.39 -0.2,-7.03 0.3,-10.21 0.17,-2.85 0.76,-5.67 0.79,-8.52 0.02,-2.22 0.04,-4.21 -0.48,-6.65 -0.89,-1.93 -3.93,-5.74 -3.93,-5.74z"
        android:strokeAlpha="1" android:strokeColor="#3a7632"
        android:strokeLineCap="butt" android:strokeLineJoin="miter" android:strokeWidth="0.03543307"/>
    <path android:fillAlpha="1" android:fillColor="#3a7632"
        android:fillType="evenOdd"
        android:pathData="m62.09,18.8 l-2.42,7.43 -0.36,12.33 2.18,17.53 -1.75,0.54c0,0 -0.77,-4.46 -0.97,-6.71 -0.29,-3.39 0.2,-7.03 -0.3,-10.21 -0.17,-2.85 -0.76,-5.67 -0.79,-8.52 -0.02,-2.22 -0.04,-4.21 0.48,-6.65 0.89,-1.93 3.93,-5.74 3.93,-5.74z"
        android:strokeAlpha="1" android:strokeColor="#3a7632"
        android:strokeLineCap="butt" android:strokeLineJoin="miter" android:strokeWidth="0.03543307"/>
    <path android:fillAlpha="1" android:fillColor="#3a7632"
        android:fillType="evenOdd"
        android:pathData="m50.15,58.48c0.12,-0.24 1.37,-1.67 1.75,-2.6 0.62,-1.51 0.84,-3.49 1.15,-5.26 0.19,-1.1 0.41,-2.21 0.42,-3.32 0.02,-2.43 -0.36,-4.39 -0.79,-7.25 -2.74,-8.76 -4.81,-14.25 -7.07,-28.95 0.44,-0.34 1.45,0.79 1.45,0.79 0,0 5.48,18.4 6.95,27.86 0.53,3.39 0.9,6.85 0.66,10.27 -0.21,3.12 -1.87,9.19 -1.87,9.19z"
        android:strokeAlpha="1" android:strokeColor="#3a7632"
        android:strokeLineCap="butt" android:strokeLineJoin="miter" android:strokeWidth="0.03543307"/>
    <path android:fillAlpha="1" android:fillColor="#3a7632"
        android:fillType="evenOdd"
        android:pathData="m44.42,10.57c0,0 -2.64,11.81 -2.79,17.83 -0.13,5.36 0.37,10.81 1.71,16.01 0.38,1.47 1.18,2.77 1.65,4.19 0,0 0.56,2.79 1,3.64 -0.14,-1.66 0.05,-3.08 0.24,-4.61 0.19,-1.49 0.9,-4.4 0.9,-4.4 0,0 1.32,3.71 2.11,5.51 0.42,0.95 0.37,2.69 1.41,2.78 0.92,0.08 2.12,-0.7 2.26,-1.25 1.52,-2.86 0.98,-6.95 0.9,-10.44 1.75,-8.52 -0.53,-13.37 -2.67,-19.81 -1.05,-1.65 -2.52,-4.41 -3.87,-6.52 -0.91,-0.81 -2.86,-2.93 -2.86,-2.93z"
        android:strokeAlpha="1" android:strokeColor="#3a7632"
        android:strokeLineCap="butt" android:strokeLineJoin="miter" android:strokeWidth="0.03543307"/>
    <path android:fillAlpha="1" android:fillColor="#3a7632"
        android:fillType="evenOdd"
        android:pathData="m46,13.43c0,0 -2.68,10.24 -2.74,15.49 -0.07,6.48 -1.13,9.65 2.94,19.23 0.63,0.77 2.86,0.57 2.86,0.57 -0.82,-4.88 0.28,-6.08 0.68,-9.33 0.41,-3.39 0.65,-7.39 0.35,-11.07 -0.39,-4.76 -2.77,-14.05 -2.77,-14.05z"
        android:strokeAlpha="1" android:strokeColor="#3a7632"
        android:strokeLineCap="butt" android:strokeLineJoin="miter" android:strokeWidth="0.03543307"/>
    <path android:fillAlpha="1" android:fillColor="#3a7632"
        android:fillType="evenOdd"
        android:pathData="m63.24,58.39c-0.12,-0.24 -1.37,-1.67 -1.75,-2.6 -0.62,-1.51 -0.84,-3.49 -1.15,-5.26 -0.19,-1.1 -0.41,-2.21 -0.42,-3.32 -0.02,-2.43 0.36,-4.39 0.79,-7.25 2.74,-8.76 4.81,-14.25 7.07,-28.95 -0.44,-0.34 -1.45,0.79 -1.45,0.79 0,0 -5.48,18.4 -6.95,27.86 -0.53,3.39 -0.9,6.85 -0.66,10.27 0.21,3.12 1.87,9.19 1.87,9.19z"
        android:strokeAlpha="1" android:strokeColor="#3a7632"
        android:strokeLineCap="butt" android:strokeLineJoin="miter" android:strokeWidth="0.03543307"/>
    <path android:fillAlpha="1" android:fillColor="#3a7632"
        android:fillType="evenOdd"
        android:pathData="m68.98,10.48c0,0 2.64,11.81 2.79,17.83 0.13,5.36 -0.37,10.81 -1.71,16.01 -0.38,1.47 -1.18,2.77 -1.65,4.19 0,0 -0.56,2.79 -1,3.64 0.14,-1.66 -0.05,-3.08 -0.24,-4.61 -0.19,-1.49 -0.9,-4.4 -0.9,-4.4 0,0 -1.32,3.71 -2.11,5.51 -0.42,0.95 -0.37,2.69 -1.41,2.78 -0.92,0.08 -2.12,-0.7 -2.26,-1.25 -1.52,-2.86 -0.98,-6.95 -0.9,-10.44 -1.75,-8.52 0.53,-13.37 2.67,-19.81 1.05,-1.65 2.52,-4.41 3.87,-6.52 0.91,-0.81 2.86,-2.93 2.86,-2.93z"
        android:strokeAlpha="1" android:strokeColor="#3a7632"
        android:strokeLineCap="butt" android:strokeLineJoin="miter" android:strokeWidth="0.03543307"/>
    <path android:fillAlpha="1" android:fillColor="#3a7632"
        android:fillType="evenOdd"
        android:pathData="m67.4,13.34c0,0 2.68,10.24 2.74,15.49 0.07,6.48 1.13,9.65 -2.94,19.23 -0.63,0.77 -2.86,0.57 -2.86,0.57 0.82,-4.88 -0.28,-6.08 -0.68,-9.33 -0.41,-3.39 -0.65,-7.39 -0.35,-11.07 0.39,-4.76 2.77,-14.05 2.77,-14.05z"
        android:strokeAlpha="1" android:strokeColor="#3a7632"
        android:strokeLineCap="butt" android:strokeLineJoin="miter" android:strokeWidth="0.03543307"/>
    <path android:fillAlpha="1" android:fillColor="#00000000"
        android:fillType="evenOdd"
        android:pathData="m53.72,57.51c0,0 -0.36,1.6 -0.66,2.36 -0.48,1.21 -1.45,1.7 -1.81,3.45 -0.19,0.89 -0.26,1.81 -0.24,2.72 0.1,4 0.85,7.98 1.63,11.91 0.55,2.78 0.79,6.23 0.79,6.23 0,0 0.55,-8.46 0.96,-12.6 0.25,-1.4 0.77,-3.62 0.72,-5.39 -0.07,-2.92 -1.38,-8.66 -1.38,-8.66z"
        android:strokeAlpha="1" android:strokeColor="#3a7632"
        android:strokeLineCap="butt" android:strokeLineJoin="miter" android:strokeWidth="0.18961556"/>
    <path android:fillAlpha="1" android:fillColor="#00000000"
        android:fillType="evenOdd"
        android:pathData="m51.78,83.52 l-3.12,0.76c0,0 -0.38,-3.59 -0.59,-5.79 -0.51,-2.37 -1.69,-7.03 -2.36,-10.64 -0.35,-1.9 -0.22,-3.86 -0.21,-5.79 0.02,-2.79 0.42,-8.35 0.42,-8.35 0,0 0.91,2.87 1.28,4.33 0.44,1.75 0.76,3.53 1.11,5.3 0.61,3.12 1.19,6.25 1.73,9.39 0.62,3.58 1.73,10.78 1.73,10.78z"
        android:strokeAlpha="1" android:strokeColor="#3a7632"
        android:strokeLineCap="butt" android:strokeLineJoin="miter" android:strokeWidth="0.18961556"/>
    <path android:fillAlpha="1" android:fillColor="#00000000"
        android:fillType="evenOdd"
        android:pathData="m46.17,54.91c0,0 -0.33,7.52 0.21,11.23 0.72,5.01 3.21,10.69 4.02,14.66 0.32,1.79 0.69,2.88 0.69,2.88l0.73,-0.17c0,0 -1.93,-12.96 -3.29,-19.37 -0.66,-3.1 -2.36,-9.22 -2.36,-9.22z"
        android:strokeAlpha="1" android:strokeColor="#3a7632"
        android:strokeLineCap="butt" android:strokeLineJoin="miter" android:strokeWidth="0.18961556"/>
    <path android:fillAlpha="1" android:fillColor="#00000000"
        android:fillType="evenOdd"
        android:pathData="m59.68,57.42c0,0 0.36,1.6 0.66,2.36 0.48,1.21 1.45,1.7 1.81,3.45 0.19,0.89 0.26,1.81 0.24,2.72 -0.1,4 -0.85,7.98 -1.63,11.91 -0.55,2.78 -0.79,6.23 -0.79,6.23 0,0 -0.55,-8.46 -0.96,-12.6 -0.25,-1.4 -0.77,-3.62 -0.72,-5.39 0.07,-2.92 1.38,-8.66 1.38,-8.66z"
        android:strokeAlpha="1" android:strokeColor="#3a7632"
        android:strokeLineCap="butt" android:strokeLineJoin="miter" android:strokeWidth="0.18961556"/>
    <path android:fillAlpha="1" android:fillColor="#00000000"
        android:fillType="evenOdd"
        android:pathData="m61.61,83.43 l3.12,0.76c0,0 0.38,-3.59 0.59,-5.79 0.51,-2.37 1.69,-7.03 2.36,-10.64 0.35,-1.9 0.22,-3.86 0.21,-5.79 -0.02,-2.79 -0.42,-8.35 -0.42,-8.35 0,0 -0.91,2.87 -1.28,4.33 -0.44,1.75 -0.76,3.53 -1.11,5.3 -0.61,3.12 -1.19,6.25 -1.73,9.39 -0.62,3.58 -1.73,10.78 -1.73,10.78z"
        android:strokeAlpha="1" android:strokeColor="#3a7632"
        android:strokeLineCap="butt" android:strokeLineJoin="miter" android:strokeWidth="0.18961556"/>
    <path android:fillAlpha="1" android:fillColor="#00000000"
        android:fillType="evenOdd"
        android:pathData="m67.23,54.82c0,0 0.33,7.52 -0.21,11.23 -0.72,5.01 -3.21,10.69 -4.02,14.66 -0.32,1.79 -0.69,2.88 -0.69,2.88l-0.73,-0.17c0,0 1.93,-12.96 3.29,-19.37 0.66,-3.1 2.36,-9.22 2.36,-9.22z"
        android:strokeAlpha="1" android:strokeColor="#3a7632"
        android:strokeLineCap="butt" android:strokeLineJoin="miter" android:strokeWidth="0.18961556"/>
</vector>
