<vector android:height="24dp" android:viewportHeight="113.38583"
    android:viewportWidth="113.38583" android:width="24dp"
    xmlns:aapt="http://schemas.android.com/aapt" xmlns:android="http://schemas.android.com/apk/res/android">
    <path android:fillAlpha="1" android:fillColor="#00000000"
        android:fillType="evenOdd"
        android:pathData="m71.53,9.85c-0.02,-0.13 2.47,8.19 3.44,18.19 0.34,3.48 0.22,7.01 -0.2,10.49 -0.79,6.65 -2.72,11.98 -3.63,13.55 -0.33,1.27 -0.98,3.81 -0.98,3.81l0.17,1.95c0,0 0.8,8.74 0.32,13.09 -0.41,3.66 -2.38,11.87 -3.14,13.46 -0.37,2.24 -0.69,2.36 -0.69,2.36l-6.19,0.14c0.01,0.06 -0.34,-4.12 -0.95,-10.08 -0.29,-1.48 -0.93,-4.36 -0.84,-5.77 0.23,-3.73 1.57,-12.62 1.57,-12.62 0,0 -1.04,-3.88 -1.25,-5.87 -0.29,-2.75 0.31,-5.54 0.02,-8.28 -0.34,-3.34 -0.86,-10 -0.86,-10 0,0 -0.52,6.66 -0.86,10 -0.28,2.75 0.24,5.53 0.02,8.28 -0.15,1.98 -0.92,5.87 -0.92,5.87 0,0 1.01,8.88 1.24,12.62 0.09,1.4 -0.55,4.29 -0.84,5.77 -0.62,5.95 -0.96,10.14 -0.95,10.08l-6.19,-0.14c0,0 -0.31,-0.12 -0.69,-2.36 -0.76,-1.58 -2.73,-9.8 -3.14,-13.46 -0.48,-4.34 0.32,-13.09 0.32,-13.09l0.17,-1.95c0,0 -0.65,-2.54 -0.98,-3.81 -0.91,-1.57 -2.84,-6.9 -3.63,-13.55 -0.41,-3.47 -0.53,-7.01 -0.2,-10.49 0.97,-10 3.45,-18.32 3.44,-18.19z"
        android:strokeAlpha="1" android:strokeColor="@color/colorPrimary"
        android:strokeLineCap="butt" android:strokeLineJoin="miter" android:strokeWidth="0.0531496"/>
    <path android:fillAlpha="1" android:fillColor="#00000000"
        android:fillType="nonZero"
        android:pathData="M56.7,56.87m-54.73,0a54.73,54.73 0,1 1,109.46 0a54.73,54.73 0,1 1,-109.46 0"
        android:strokeAlpha="1" android:strokeColor="@color/colorPrimary" android:strokeWidth="0.076"/>
    <path android:fillAlpha="1" android:fillColor="#00000000"
        android:fillType="evenOdd"
        android:pathData="m52.91,19.41 l2.45,7.55 0.37,12.52 -2.21,17.8 1.78,0.55c0,0 0.78,-4.53 0.98,-6.81 0.3,-3.45 -0.21,-7.14 0.31,-10.37 0.18,-2.89 0.77,-5.76 0.8,-8.65 0.02,-2.26 0.04,-4.27 -0.49,-6.75 -0.91,-1.96 -3.99,-5.83 -3.99,-5.83z"
        android:strokeAlpha="1" android:strokeColor="@color/colorPrimary"
        android:strokeLineCap="butt" android:strokeLineJoin="miter" android:strokeWidth="0.19276881"/>
    <path android:fillAlpha="1" android:fillColor="#00000000"
        android:fillType="evenOdd"
        android:pathData="m51.75,59.6c0.12,-0.25 1.39,-1.7 1.78,-2.64 0.63,-1.54 0.86,-3.54 1.17,-5.34 0.19,-1.12 0.42,-2.24 0.43,-3.38 0.02,-2.47 -0.37,-4.46 -0.8,-7.36 -2.79,-8.89 -4.88,-14.47 -7.18,-29.39 0.44,-0.34 1.47,0.8 1.47,0.8 0,0 5.56,18.69 7.06,28.29 0.54,3.44 0.91,6.96 0.68,10.43 -0.22,3.17 -1.9,9.33 -1.9,9.33z"
        android:strokeAlpha="1" android:strokeColor="@color/colorPrimary"
        android:strokeLineCap="butt" android:strokeLineJoin="miter" android:strokeWidth="0.19276881"/>
    <path android:fillAlpha="1" android:fillColor="#00000000"
        android:fillType="evenOdd"
        android:pathData="m45.92,10.96c0,0 -2.68,12 -2.83,18.1 -0.13,5.45 0.38,10.98 1.73,16.25 0.38,1.5 1.2,2.81 1.68,4.26 0,0 0.57,2.84 1.02,3.69 -0.14,-1.69 0.05,-3.13 0.25,-4.68 0.19,-1.51 0.91,-4.47 0.91,-4.47 0,0 1.34,3.77 2.15,5.59 0.43,0.97 0.38,2.73 1.43,2.83 0.94,0.08 2.15,-0.71 2.3,-1.27 1.54,-2.9 1,-7.05 0.91,-10.6 1.78,-8.65 -0.54,-13.57 -2.71,-20.11 -1.07,-1.68 -2.56,-4.48 -3.93,-6.62 -0.93,-0.82 -2.91,-2.97 -2.91,-2.97z"
        android:strokeAlpha="1" android:strokeColor="@color/colorPrimary"
        android:strokeLineCap="butt" android:strokeLineJoin="miter" android:strokeWidth="0.19276881"/>
    <path android:fillAlpha="1" android:fillColor="#00000000"
        android:fillType="evenOdd"
        android:pathData="m47.53,13.87c0,0 -2.72,10.4 -2.78,15.72 -0.08,6.58 -1.15,9.79 2.99,19.52 0.64,0.78 2.9,0.58 2.9,0.58 -0.84,-4.95 0.29,-6.18 0.69,-9.48 0.42,-3.45 0.66,-7.51 0.35,-11.24 -0.4,-4.83 -2.81,-14.27 -2.81,-14.27z"
        android:strokeAlpha="1" android:strokeColor="@color/colorPrimary"
        android:strokeLineCap="butt" android:strokeLineJoin="miter" android:strokeWidth="0.19276881"/>
    <path android:fillAlpha="1" android:fillColor="#00000000"
        android:fillType="evenOdd"
        android:pathData="m63.87,19.31 l-2.45,7.55 -0.37,12.52 2.21,17.8 -1.78,0.55c0,0 -0.78,-4.53 -0.98,-6.81 -0.3,-3.45 0.21,-7.14 -0.31,-10.37 -0.18,-2.89 -0.77,-5.76 -0.8,-8.65 -0.02,-2.26 -0.04,-4.27 0.49,-6.75 0.91,-1.96 3.99,-5.83 3.99,-5.83z"
        android:strokeAlpha="1" android:strokeColor="@color/colorPrimary"
        android:strokeLineCap="butt" android:strokeLineJoin="miter" android:strokeWidth="0.19276881"/>
    <path android:fillAlpha="1" android:fillColor="#00000000"
        android:fillType="evenOdd"
        android:pathData="m65.03,59.51c-0.12,-0.25 -1.39,-1.7 -1.78,-2.64 -0.63,-1.54 -0.86,-3.54 -1.17,-5.34 -0.19,-1.12 -0.42,-2.24 -0.43,-3.38 -0.02,-2.47 0.37,-4.46 0.8,-7.36 2.79,-8.89 4.88,-14.47 7.18,-29.39 -0.44,-0.34 -1.47,0.8 -1.47,0.8 0,0 -5.56,18.69 -7.06,28.29 -0.54,3.44 -0.91,6.96 -0.68,10.43 0.22,3.17 1.9,9.33 1.9,9.33z"
        android:strokeAlpha="1" android:strokeColor="@color/colorPrimary"
        android:strokeLineCap="butt" android:strokeLineJoin="miter" android:strokeWidth="0.19276881"/>
    <path android:fillAlpha="1" android:fillColor="#00000000"
        android:fillType="evenOdd"
        android:pathData="m70.86,10.87c0,0 2.68,12 2.83,18.1 0.13,5.45 -0.38,10.98 -1.73,16.25 -0.38,1.5 -1.2,2.81 -1.68,4.26 0,0 -0.57,2.84 -1.02,3.69 0.14,-1.69 -0.05,-3.13 -0.25,-4.68 -0.19,-1.51 -0.91,-4.47 -0.91,-4.47 0,0 -1.34,3.77 -2.15,5.59 -0.43,0.97 -0.38,2.73 -1.43,2.83 -0.94,0.08 -2.15,-0.71 -2.3,-1.27 -1.54,-2.9 -1,-7.05 -0.91,-10.6 -1.78,-8.65 0.54,-13.57 2.71,-20.11 1.07,-1.68 2.56,-4.48 3.93,-6.62 0.93,-0.82 2.91,-2.97 2.91,-2.97z"
        android:strokeAlpha="1" android:strokeColor="@color/colorPrimary"
        android:strokeLineCap="butt" android:strokeLineJoin="miter" android:strokeWidth="0.19276881"/>
    <path android:fillAlpha="1" android:fillColor="#00000000"
        android:fillType="evenOdd"
        android:pathData="m69.26,13.77c0,0 2.72,10.4 2.78,15.72 0.08,6.58 1.15,9.79 -2.99,19.52 -0.64,0.78 -2.9,0.58 -2.9,0.58 0.84,-4.95 -0.29,-6.18 -0.69,-9.48 -0.42,-3.45 -0.66,-7.51 -0.35,-11.24 0.4,-4.83 2.81,-14.27 2.81,-14.27z"
        android:strokeAlpha="1" android:strokeColor="@color/colorPrimary"
        android:strokeLineCap="butt" android:strokeLineJoin="miter" android:strokeWidth="0.19276881"/>
    <path android:fillAlpha="1" android:fillColor="@color/colorPrimary"
        android:fillType="evenOdd"
        android:pathData="m55.37,58.62c0,0 -0.37,1.62 -0.68,2.39 -0.49,1.22 -1.47,1.73 -1.84,3.5 -0.19,0.9 -0.27,1.84 -0.25,2.76 0.1,4.07 0.87,8.1 1.66,12.09 0.56,2.82 0.8,6.32 0.8,6.32 0,0 0.56,-8.59 0.98,-12.79 0.25,-1.42 0.78,-3.68 0.73,-5.47 -0.07,-2.97 -1.4,-8.8 -1.4,-8.8z"
        android:strokeAlpha="1" android:strokeColor="@color/colorPrimary"
        android:strokeLineCap="butt" android:strokeLineJoin="miter" android:strokeWidth="0.19276881"/>
    <path android:fillAlpha="1" android:fillColor="@color/colorPrimary"
        android:fillType="evenOdd"
        android:pathData="m53.4,85.03 l-3.17,0.77c0,0 -0.39,-3.65 -0.6,-5.87 -0.52,-2.41 -1.71,-7.14 -2.39,-10.8 -0.36,-1.93 -0.22,-3.92 -0.21,-5.87 0.02,-2.83 0.42,-8.48 0.42,-8.48 0,0 0.93,2.92 1.3,4.4 0.45,1.78 0.77,3.58 1.13,5.38 0.62,3.17 1.21,6.35 1.76,9.53 0.63,3.64 1.76,10.94 1.76,10.94z"
        android:strokeAlpha="1" android:strokeColor="@color/colorPrimary"
        android:strokeLineCap="butt" android:strokeLineJoin="miter" android:strokeWidth="0.19276881"/>
    <path android:fillAlpha="1" android:fillColor="@color/colorPrimary"
        android:fillType="evenOdd"
        android:pathData="m47.7,55.97c0,0 -0.33,7.64 0.21,11.4 0.73,5.09 3.26,10.85 4.08,14.88 0.32,1.81 0.7,2.92 0.7,2.92l0.74,-0.18c0,0 -1.96,-13.16 -3.34,-19.66 -0.67,-3.15 -2.39,-9.36 -2.39,-9.36z"
        android:strokeAlpha="1" android:strokeColor="@color/colorPrimary"
        android:strokeLineCap="butt" android:strokeLineJoin="miter" android:strokeWidth="0.19276881"/>
    <path android:fillAlpha="1" android:fillColor="@color/colorPrimary"
        android:fillType="evenOdd"
        android:pathData="m61.41,58.53c0,0 0.37,1.62 0.68,2.39 0.49,1.22 1.47,1.73 1.84,3.5 0.19,0.9 0.27,1.84 0.25,2.76 -0.1,4.07 -0.87,8.1 -1.66,12.09 -0.56,2.82 -0.8,6.32 -0.8,6.32 0,0 -0.55,-8.59 -0.98,-12.79 -0.25,-1.42 -0.78,-3.68 -0.73,-5.47 0.07,-2.97 1.4,-8.8 1.4,-8.8z"
        android:strokeAlpha="1" android:strokeColor="@color/colorPrimary"
        android:strokeLineCap="butt" android:strokeLineJoin="miter" android:strokeWidth="0.19276881"/>
    <path android:fillAlpha="1" android:fillColor="@color/colorPrimary"
        android:fillType="evenOdd"
        android:pathData="m63.38,84.94 l3.17,0.77c0,0 0.39,-3.65 0.6,-5.87 0.52,-2.41 1.71,-7.14 2.39,-10.8 0.36,-1.93 0.22,-3.92 0.21,-5.87 -0.02,-2.83 -0.42,-8.48 -0.42,-8.48 0,0 -0.93,2.92 -1.3,4.4 -0.45,1.78 -0.77,3.58 -1.13,5.38 -0.62,3.17 -1.21,6.35 -1.76,9.53 -0.63,3.64 -1.76,10.94 -1.76,10.94z"
        android:strokeAlpha="1" android:strokeColor="@color/colorPrimary"
        android:strokeLineCap="butt" android:strokeLineJoin="miter" android:strokeWidth="0.19276881"/>
    <path android:fillAlpha="1" android:fillColor="@color/colorPrimary"
        android:fillType="evenOdd"
        android:pathData="m69.08,55.88c0,0 0.33,7.64 -0.21,11.4 -0.73,5.09 -3.26,10.85 -4.08,14.88 -0.32,1.81 -0.7,2.92 -0.7,2.92l-0.74,-0.18c0,0 1.96,-13.16 3.34,-19.66 0.67,-3.15 2.39,-9.36 2.39,-9.36z"
        android:strokeAlpha="1" android:strokeColor="@color/colorPrimary"
        android:strokeLineCap="butt" android:strokeLineJoin="miter" android:strokeWidth="0.19276881"/>
</vector>
