<vector android:height="24dp" android:viewportHeight="113.38583"
    android:viewportWidth="113.38583" android:width="24dp"
    xmlns:aapt="http://schemas.android.com/aapt" xmlns:android="http://schemas.android.com/apk/res/android">
    <path android:fillAlpha="1" android:fillColor="@color/colorPrimary"
        android:fillType="evenOdd"
        android:pathData="m46.49,10.92 l4.55,2.17c0,0 -2.08,2.13 -2.87,3.37 -0.91,1.45 -1.7,3.02 -2.1,4.68 -0.24,1 -0.54,4.98 -0.54,4.98 0,0 -0.61,-3.32 -0.9,-4.98 0.03,-1.27 0.68,-2.46 0.84,-3.72 0.14,-1.09 -0.05,-2.21 0.12,-3.3 0.17,-1.1 0.9,-3.21 0.9,-3.21z"
        android:strokeAlpha="1" android:strokeColor="@color/colorPrimary"
        android:strokeLineCap="butt" android:strokeLineJoin="miter" android:strokeWidth="0.19441149"/>
    <path android:fillAlpha="1" android:fillColor="@color/colorPrimary"
        android:fillType="evenOdd"
        android:pathData="m51.15,13.17c1.72,0.31 3.16,1.66 4.4,2.89 0.92,0.92 1.36,2.21 2.07,3.3 0.47,0.71 0.69,6.12 0.42,7.02 -0.17,0.59 -0.87,1.77 -1.68,2.34 -1.3,0.92 -5.98,1.42 -7.53,1.68 -0.86,0.63 -1.31,1.13 -1.5,2.82 0,-2.74 -1.32,-4.38 -1.45,-6.64 -0.11,-1.89 0.21,-3.78 0.57,-5.64 0.28,-1.46 1.02,-2.82 1.78,-4.09 0.81,-1.34 2.08,-2.64 2.92,-3.67z"
        android:strokeAlpha="1" android:strokeColor="@color/colorPrimary"
        android:strokeLineCap="butt" android:strokeLineJoin="miter" android:strokeWidth="0.19441149"/>
    <path android:fillAlpha="1" android:fillColor="@color/colorPrimary"
        android:fillType="evenOdd"
        android:pathData="m70.71,10.92 l-4.55,2.17c0,0 2.08,2.13 2.87,3.37 0.91,1.45 1.7,3.02 2.1,4.68 0.24,1 0.54,4.98 0.54,4.98 0,0 0.61,-3.32 0.9,-4.98 -0.03,-1.27 -0.68,-2.46 -0.84,-3.72 -0.14,-1.09 0.05,-2.21 -0.12,-3.3 -0.17,-1.1 -0.9,-3.21 -0.9,-3.21z"
        android:strokeAlpha="1" android:strokeColor="@color/colorPrimary"
        android:strokeLineCap="butt" android:strokeLineJoin="miter" android:strokeWidth="0.19441149"/>
    <path android:fillAlpha="1" android:fillColor="@color/colorPrimary"
        android:fillType="evenOdd"
        android:pathData="m66.05,13.17c-1.72,0.31 -3.16,1.66 -4.4,2.89 -0.92,0.92 -1.36,2.21 -2.07,3.3 -0.47,0.71 -0.69,6.12 -0.42,7.02 0.17,0.59 0.87,1.77 1.68,2.34 1.3,0.92 5.98,1.42 7.53,1.68 0.86,0.63 1.31,1.13 1.5,2.82 -0,-2.74 1.32,-4.38 1.45,-6.64 0.11,-1.89 -0.21,-3.78 -0.57,-5.64 -0.28,-1.46 -1.02,-2.82 -1.78,-4.09 -0.81,-1.34 -2.08,-2.64 -2.92,-3.67z"
        android:strokeAlpha="1" android:strokeColor="@color/colorPrimary"
        android:strokeLineCap="butt" android:strokeLineJoin="miter" android:strokeWidth="0.19441149"/>
    <path android:fillAlpha="1" android:fillColor="#00000000"
        android:fillType="evenOdd"
        android:pathData="m54.11,35.91c0,0 0.02,8.45 0.36,12.66 0.27,3.3 1.32,9.84 1.32,9.84 0,0 -0.06,-2.72 -0.09,-4.08 -0.1,-4.2 -0.27,-8.29 -0.3,-12.6C55.14,39.75 54.11,35.91 54.11,35.91Z"
        android:strokeAlpha="1" android:strokeColor="@color/colorPrimary"
        android:strokeLineCap="butt" android:strokeLineJoin="miter" android:strokeWidth="0.19441149"/>
    <path android:fillAlpha="1" android:fillColor="#00000000"
        android:fillType="evenOdd"
        android:pathData="m44.45,21.63c0,0.72 -0.76,5.77 -0.81,8.67 -0.05,2.81 0.19,5.63 0.51,8.43 0.24,2.13 0.54,4.26 1.08,6.33 0.48,1.84 1.3,3.96 1.92,5.37 -0.15,-5.98 -0.08,-13.32 -0.45,-19.22C45.48,27.9 44.45,21.63 44.45,21.63Z"
        android:strokeAlpha="1" android:strokeColor="@color/colorPrimary"
        android:strokeLineCap="butt" android:strokeLineJoin="miter" android:strokeWidth="0.19441149"/>
    <path android:fillAlpha="1" android:fillColor="#00000000"
        android:fillType="evenOdd"
        android:pathData="m47.87,57.2c0,-0.36 -0.51,-6 -0.51,-6.3 0,-0.3 0.02,-6.48 0.03,-9.72 0,-2.32 -0.44,-4.68 0,-6.96 0.23,-1.23 0.39,-2.68 1.38,-3.48 0.8,-0.28 2.88,-0.6 2.88,-0.6 0,0 -0.27,1.02 -0.39,1.44 -0.57,2.04 -0.9,4.02 -0.93,6.06 -0.04,2.36 0.84,7.02 0.84,7.02 0,0 -0.07,4.28 -0.63,6.33 -0.27,0.98 -0.89,1.83 -1.29,2.76 -0.49,1.14 -1.38,3.45 -1.38,3.45z"
        android:strokeAlpha="1" android:strokeColor="@color/colorPrimary"
        android:strokeLineCap="butt" android:strokeLineJoin="miter" android:strokeWidth="0.19441149"/>
    <path android:fillAlpha="1" android:fillColor="#00000000"
        android:fillType="evenOdd"
        android:pathData="m52.01,30.27c0,0 -0.41,1.02 -0.54,1.56 -0.46,1.9 -0.81,3.86 -0.84,5.82 -0.03,2.27 0.58,4.51 0.78,6.78 0.07,0.83 0.01,1.67 0.15,2.49 0.37,2.21 1.04,4.37 1.8,6.48 0.62,1.72 2.25,5.01 2.25,5.01 0,0 -1.11,-6.38 -1.38,-9.6 -0.38,-4.4 -0.39,-10.71 -0.36,-13.26C53.24,33.39 52.01,30.27 52.01,30.27Z"
        android:strokeAlpha="1" android:strokeColor="@color/colorPrimary"
        android:strokeLineCap="butt" android:strokeLineJoin="miter" android:strokeWidth="0.19441149"/>
    <path android:fillAlpha="1" android:fillColor="#00000000"
        android:fillType="evenOdd"
        android:pathData="m52.31,30.15c0,0 1.39,3.4 1.92,5.16 0.63,2.1 1.36,4.23 1.5,6.42 0.26,4.23 0.18,12.42 0.18,12.42l0.84,-8.28c0,0 1.13,-8.62 1.14,-12.96 0,-1.67 -0.42,-4.98 -0.42,-4.98 0,0 -0.48,0.73 -0.87,1.02 -1.22,0.89 -4.29,1.2 -4.29,1.2z"
        android:strokeAlpha="1" android:strokeColor="@color/colorPrimary"
        android:strokeLineCap="butt" android:strokeLineJoin="miter" android:strokeWidth="0.19441149"/>
    <path android:fillAlpha="1" android:fillColor="#00000000"
        android:fillType="evenOdd"
        android:pathData="m56.93,46.7 l-1.08,11.16c0,0 0.5,-0.68 0.54,-1.08 0.16,-1.48 0.45,-3.73 0.54,-5.61 0.07,-1.49 0,-4.47 0,-4.47z"
        android:strokeAlpha="1" android:strokeColor="@color/colorPrimary"
        android:strokeLineCap="butt" android:strokeLineJoin="miter" android:strokeWidth="0.19441149"/>
    <path android:fillAlpha="1" android:fillColor="#00000000"
        android:fillType="evenOdd"
        android:pathData="m63.09,35.91c0,0 -0.02,8.45 -0.36,12.66 -0.27,3.3 -1.32,9.84 -1.32,9.84 0,0 0.06,-2.72 0.09,-4.08 0.1,-4.2 0.27,-8.29 0.3,-12.6 0.26,-1.97 1.29,-5.82 1.29,-5.82z"
        android:strokeAlpha="1" android:strokeColor="@color/colorPrimary"
        android:strokeLineCap="butt" android:strokeLineJoin="miter" android:strokeWidth="0.19441149"/>
    <path android:fillAlpha="1" android:fillColor="#00000000"
        android:fillType="evenOdd"
        android:pathData="m72.75,21.63c0,0.72 0.76,5.77 0.81,8.67 0.05,2.81 -0.19,5.63 -0.51,8.43 -0.24,2.13 -0.54,4.26 -1.08,6.33 -0.48,1.84 -1.3,3.96 -1.92,5.37 0.15,-5.98 0.08,-13.32 0.45,-19.22 1.23,-3.3 2.25,-9.57 2.25,-9.57z"
        android:strokeAlpha="1" android:strokeColor="@color/colorPrimary"
        android:strokeLineCap="butt" android:strokeLineJoin="miter" android:strokeWidth="0.19441149"/>
    <path android:fillAlpha="1" android:fillColor="#00000000"
        android:fillType="evenOdd"
        android:pathData="m69.33,57.2c0,-0.36 0.51,-6 0.51,-6.3 0,-0.3 -0.02,-6.48 -0.03,-9.72 -0,-2.32 0.44,-4.68 0,-6.96 -0.23,-1.23 -0.39,-2.68 -1.38,-3.48 -0.8,-0.28 -2.88,-0.6 -2.88,-0.6 0,0 0.27,1.02 0.39,1.44 0.57,2.04 0.9,4.02 0.93,6.06 0.04,2.36 -0.84,7.02 -0.84,7.02 0,0 0.07,4.28 0.63,6.33 0.27,0.98 0.89,1.83 1.29,2.76 0.49,1.14 1.38,3.45 1.38,3.45z"
        android:strokeAlpha="1" android:strokeColor="@color/colorPrimary"
        android:strokeLineCap="butt" android:strokeLineJoin="miter" android:strokeWidth="0.19441149"/>
    <path android:fillAlpha="1" android:fillColor="#00000000"
        android:fillType="evenOdd"
        android:pathData="m65.19,30.27c0,0 0.41,1.02 0.54,1.56 0.46,1.9 0.81,3.86 0.84,5.82 0.03,2.27 -0.58,4.51 -0.78,6.78 -0.07,0.83 -0.01,1.67 -0.15,2.49 -0.37,2.21 -1.04,4.37 -1.8,6.48 -0.62,1.72 -2.25,5.01 -2.25,5.01 0,0 1.11,-6.38 1.38,-9.6 0.38,-4.4 0.39,-10.71 0.36,-13.26 0.63,-2.16 1.86,-5.28 1.86,-5.28z"
        android:strokeAlpha="1" android:strokeColor="@color/colorPrimary"
        android:strokeLineCap="butt" android:strokeLineJoin="miter" android:strokeWidth="0.19441149"/>
    <path android:fillAlpha="1" android:fillColor="#00000000"
        android:fillType="evenOdd"
        android:pathData="m64.89,30.15c0,0 -1.39,3.4 -1.92,5.16 -0.63,2.1 -1.36,4.23 -1.5,6.42 -0.26,4.23 -0.18,12.42 -0.18,12.42l-0.84,-8.28c0,0 -1.13,-8.62 -1.14,-12.96 -0,-1.67 0.42,-4.98 0.42,-4.98 0,0 0.48,0.73 0.87,1.02 1.22,0.89 4.29,1.2 4.29,1.2z"
        android:strokeAlpha="1" android:strokeColor="@color/colorPrimary"
        android:strokeLineCap="butt" android:strokeLineJoin="miter" android:strokeWidth="0.19441149"/>
    <path android:fillAlpha="1" android:fillColor="#00000000"
        android:fillType="evenOdd"
        android:pathData="m60.27,46.7 l1.08,11.16c0,0 -0.5,-0.68 -0.54,-1.08 -0.16,-1.48 -0.45,-3.73 -0.54,-5.61 -0.07,-1.49 0,-4.47 0,-4.47z"
        android:strokeAlpha="1" android:strokeColor="@color/colorPrimary"
        android:strokeLineCap="butt" android:strokeLineJoin="miter" android:strokeWidth="0.19441149"/>
    <path android:fillAlpha="1" android:fillColor="#00000000"
        android:fillType="evenOdd"
        android:pathData="m50.18,52.46c1.16,0.19 2.31,3 2.31,3 -0.02,0.8 -0.01,0.72 0.03,1.08 0,0 0.9,8.6 0.69,12.9 -0.05,1.07 0.07,2.22 -0.48,3.18 0,0 -1.33,0.79 -2.1,0.6 -0.91,-0.23 -1.56,-1.1 -2.1,-1.86 -0.54,-0.76 -1.08,-2.28 -1.08,-2.58 0,-0.3 0.4,-6.83 0.48,-10.26 0.01,-0.38 -0.09,-0.77 0,-1.14 0.55,-1.39 1.81,-4.23 2.25,-4.92z"
        android:strokeAlpha="1" android:strokeColor="@color/colorPrimary"
        android:strokeLineCap="butt" android:strokeLineJoin="miter" android:strokeWidth="0.19441149"/>
    <path android:fillAlpha="1" android:fillColor="#00000000"
        android:fillType="evenOdd"
        android:pathData="m53.27,53.84c0,0 -0.62,1.08 -0.72,1.68 0.25,3.22 0.63,12.72 0.96,14.16 0.39,1.46 0.94,3 2.01,4.08 0.33,0.33 1.26,0.63 1.26,0.63 0,0 -0.21,-0.81 0.15,-1.83 0.22,-1.48 0.51,-3.03 0.36,-5.97 -0.07,-1.38 -0.04,-4.2 -1.62,-7.83C54.96,57.81 53.27,53.84 53.27,53.84Z"
        android:strokeAlpha="1" android:strokeColor="@color/colorPrimary"
        android:strokeLineCap="butt" android:strokeLineJoin="miter" android:strokeWidth="0.19441149"/>
    <path android:fillAlpha="1" android:fillColor="#00000000"
        android:fillType="evenOdd"
        android:pathData="M47.63,69.79 L51.17,79.63c0,0 2.34,6.6 2.46,6.3 0.12,-0.3 -0.22,-4.32 -0.87,-6.36 -1.12,-3.51 -5.13,-9.78 -5.13,-9.78z"
        android:strokeAlpha="1" android:strokeColor="@color/colorPrimary"
        android:strokeLineCap="butt" android:strokeLineJoin="miter" android:strokeWidth="0.19441149"/>
    <path android:fillAlpha="1" android:fillColor="#00000000"
        android:fillType="evenOdd"
        android:pathData="m47.57,70.27 l5.46,19.07c0,0 -1.44,-6.25 -1.74,-9.42 -0.94,-3.32 -3.72,-9.66 -3.72,-9.66z"
        android:strokeAlpha="1" android:strokeColor="@color/colorPrimary"
        android:strokeLineCap="butt" android:strokeLineJoin="miter" android:strokeWidth="0.19441149"/>
    <path android:fillAlpha="1" android:fillColor="#00000000"
        android:fillType="evenOdd"
        android:pathData="m67.02,52.46c-1.16,0.19 -2.31,3 -2.31,3 0.02,0.8 0.01,0.72 -0.03,1.08 0,0 -0.9,8.6 -0.69,12.9 0.05,1.07 -0.07,2.22 0.48,3.18 0,0 1.33,0.79 2.1,0.6 0.91,-0.23 1.56,-1.1 2.1,-1.86 0.54,-0.76 1.08,-2.28 1.08,-2.58 0,-0.3 -0.4,-6.83 -0.48,-10.26 -0.01,-0.38 0.09,-0.77 0,-1.14 -0.55,-1.39 -1.81,-4.23 -2.25,-4.92z"
        android:strokeAlpha="1" android:strokeColor="@color/colorPrimary"
        android:strokeLineCap="butt" android:strokeLineJoin="miter" android:strokeWidth="0.19441149"/>
    <path android:fillAlpha="1" android:fillColor="#00000000"
        android:fillType="evenOdd"
        android:pathData="m63.93,53.84c0,0 0.62,1.08 0.72,1.68 -0.25,3.22 -0.63,12.72 -0.96,14.16 -0.39,1.46 -0.94,3 -2.01,4.08 -0.33,0.33 -1.26,0.63 -1.26,0.63 0,0 0.21,-0.81 -0.15,-1.83 -0.22,-1.48 -0.6,-3.03 -0.36,-5.97 0.11,-1.36 0.04,-4.2 1.62,-7.83 0.71,-0.95 2.4,-4.92 2.4,-4.92z"
        android:strokeAlpha="1" android:strokeColor="@color/colorPrimary"
        android:strokeLineCap="butt" android:strokeLineJoin="miter" android:strokeWidth="0.19441149"/>
    <path android:fillAlpha="1" android:fillColor="#00000000"
        android:fillType="evenOdd"
        android:pathData="m69.57,69.79 l-3.54,9.84c0,0 -2.34,6.6 -2.46,6.3 -0.12,-0.3 0.22,-4.32 0.87,-6.36 1.12,-3.51 5.13,-9.78 5.13,-9.78z"
        android:strokeAlpha="1" android:strokeColor="@color/colorPrimary"
        android:strokeLineCap="butt" android:strokeLineJoin="miter" android:strokeWidth="0.19441149"/>
    <path android:fillAlpha="1" android:fillColor="#00000000"
        android:fillType="evenOdd"
        android:pathData="m69.63,70.27 l-5.46,19.07c0,0 1.44,-6.25 1.74,-9.42 0.94,-3.32 3.72,-9.66 3.72,-9.66z"
        android:strokeAlpha="1" android:strokeColor="@color/colorPrimary"
        android:strokeLineCap="butt" android:strokeLineJoin="miter" android:strokeWidth="0.19441149"/>
    <path android:fillAlpha="1" android:fillColor="#00000000"
        android:fillType="evenOdd"
        android:pathData="m71.33,10.25c-0.01,-0.12 2.73,9.41 3.14,21.18 0.11,3.19 -0.8,7.95 -1.08,10.18 -0.39,3.1 -1.83,7.83 -2.66,9.26 -0.3,1.16 -0.69,6.26 -0.69,6.26l-0.01,1.59c0,0 0.8,7.08 0.36,11.04 -0.37,3.34 -2.18,10.85 -2.87,12.3 -0.34,2.05 -3.17,8.52 -3.17,8.52h-4.23c0.01,0.06 0.41,-9.2 -0.15,-14.64 -0.52,-0.42 -0.85,-8.5 -0.77,-9.79 0.21,-3.41 1.17,-6.29 1.54,-7.78 -0.8,-2.03 -0.98,-3.73 -1.14,-6.11 -0.13,-1.94 0.01,-4.19 0.15,-6.34 -0.16,-2.89 -1.17,-8.61 -1.17,-8.61 0,0 -0.7,5.64 -1.02,8.69 0.08,2.53 0.09,3.82 -0.1,6.34 -0.13,1.84 -0.17,4.15 -0.97,6.24 0.43,1.82 1.31,3.66 1.43,7.69 0.15,4.98 -0.32,9.14 -1.15,9.93 -0.56,5.44 -0.88,14.42 -0.87,14.36l-3.83,-0.09c0,0 -1.75,-5.37 -2.09,-7.42 -0.69,-1.45 -2.86,-8.89 -3.23,-12.23 -0.44,-3.97 0.29,-11.96 0.29,-11.96l0.16,-1.78c0,0 -0.29,-5.26 -0.6,-6.42 -0.83,-1.43 -2.08,-4.85 -2.56,-7.57 -0.56,-3.15 -1.16,-9.11 -1.24,-11.45 -0.4,-12.41 3.15,-21.54 3.14,-21.42z"
        android:strokeAlpha="1" android:strokeColor="@color/colorPrimary"
        android:strokeLineCap="butt" android:strokeLineJoin="miter" android:strokeWidth="0.04897559"/>
    <path android:fillAlpha="1" android:fillColor="#00000000"
        android:fillType="nonZero"
        android:pathData="M56.96,56.96m-54.82,0a54.82,54.82 0,1 1,109.64 0a54.82,54.82 0,1 1,-109.64 0"
        android:strokeAlpha="1" android:strokeColor="@color/colorPrimary" android:strokeWidth="0.07684118"/>
</vector>
