<vector android:height="24dp" android:viewportHeight="113.38583"
    android:viewportWidth="113.38583" android:width="24dp"
    xmlns:aapt="http://schemas.android.com/aapt" xmlns:android="http://schemas.android.com/apk/res/android">
    <path android:fillAlpha="1" android:fillColor="#00000000"
        android:fillType="evenOdd"
        android:pathData="m72.05,88.93c0,0 0.85,-15.38 2.55,-21.11 0.17,-2.89 -0.86,-9.86 -0.86,-9.86 0,0 2.78,-14.43 2.99,-20.11 1.13,2.59 0.88,4.77 5.76,11.02 1.97,6.86 4.41,12.7 11.8,18.14 0,0 3.43,3.64 8.02,8.36l2.44,-3.99 -0.23,-2.34c0.06,-2.12 -3.27,-9.79 -5.95,-12.99 -1.98,-2.36 -5.5,-4.67 -6.18,-7.06 -0.57,-1.99 -0.93,-5.05 -1.92,-7.39 -0.64,-1.52 -2.58,-4.21 -2.58,-4.21 0,0 0.01,-3.77 -0.48,-6 -0.9,-4.08 0.28,-4.68 -2.49,-8.03 -2.03,-2.45 -4.08,-3.92 -6.98,-4.4 -9.9,0.5 -10.36,-5.53 -12.18,-12.77l-16.36,0c-1.82,7.24 -2.28,13.26 -12.18,12.77 -2.9,0.49 -4.95,1.95 -6.98,4.4 -2.77,3.35 -1.59,3.95 -2.49,8.03 -0.49,2.23 -0.48,6 -0.48,6 0,0 -1.93,2.7 -2.58,4.21 -1,2.34 -1.36,5.4 -1.92,7.39 -0.68,2.39 -4.2,4.7 -6.18,7.06 -2.68,3.19 -6.01,10.87 -5.95,12.99l-0.23,2.34 2.44,3.99c4.59,-4.72 8.02,-8.36 8.02,-8.36 7.39,-5.44 9.83,-11.28 11.8,-18.14 4.88,-6.25 4.63,-8.43 5.76,-11.02 0.21,5.68 2.99,20.11 2.99,20.11 0,0 -1.03,6.97 -0.86,9.86 1.7,5.73 2.55,21.11 2.55,21.11z"
        android:strokeAlpha="1" android:strokeColor="@color/colorPrimary"
        android:strokeLineCap="butt" android:strokeLineJoin="miter" android:strokeWidth="1.01839161"/>
    <path android:fillAlpha="1" android:fillColor="#00000000"
        android:fillType="nonZero"
        android:pathData="M56.65,56.78m-54.8,0a54.8,54.8 0,1 1,109.6 0a54.8,54.8 0,1 1,-109.6 0"
        android:strokeAlpha="1" android:strokeColor="@color/colorPrimary" android:strokeWidth="0.074"/>
    <path android:fillAlpha="1" android:fillColor="@color/colorPrimary"
        android:fillType="evenOdd"
        android:pathData="m54.49,22.15c-2.02,-1.05 -4.27,-1.09 -6.38,-0.75 -3.15,0.57 -6.06,2.21 -8.2,3.84 -2.49,1.89 -4.99,4.96 -4.99,4.96 0,0 3.6,-1.84 4.16,-0.54 0.07,2.9 0.3,5.2 1.38,7.42 0.71,1.46 1.51,2.26 2.68,2.84 1.81,0.9 4.26,0.86 6.04,0.67 2.26,-0.24 3.98,-1.44 5.91,-3.06 0.39,-1.17 1.18,-2.72 1.28,-4.17 0.25,-3.78 -0.96,-8.96 -1.87,-11.21z"
        android:strokeAlpha="1" android:strokeColor="@color/colorPrimary"
        android:strokeLineCap="butt" android:strokeLineJoin="miter" android:strokeWidth="0.19061469"/>
    <path android:fillAlpha="1" android:fillColor="@color/colorPrimary"
        android:fillType="evenOdd"
        android:pathData="m60.86,22.15c2.02,-1.05 4.27,-1.09 6.38,-0.75 3.15,0.57 6.06,2.21 8.2,3.84 2.49,1.89 4.99,4.96 4.99,4.96 0,0 -3.6,-1.84 -4.16,-0.54 -0.07,2.9 -0.3,5.2 -1.38,7.42 -0.71,1.46 -1.51,2.26 -2.68,2.84 -1.81,0.9 -4.26,0.86 -6.04,0.67 -2.26,-0.24 -3.98,-1.44 -5.91,-3.06 -0.39,-1.17 -1.18,-2.72 -1.28,-4.17 -0.25,-3.78 0.96,-8.96 1.87,-11.21z"
        android:strokeAlpha="1" android:strokeColor="@color/colorPrimary"
        android:strokeLineCap="butt" android:strokeLineJoin="miter" android:strokeWidth="0.19061469"/>
    <path android:fillAlpha="1" android:fillColor="#00000000"
        android:fillType="evenOdd"
        android:pathData="m37.56,29.56c2.45,9.04 2.15,10.07 3.15,17.77 0.18,1.26 0.36,2.53 0.53,3.79 0.36,2.62 1.06,5.3 1.03,7.87 -0.02,1.78 -0.63,3.48 -0.72,5.25 -0.07,1.48 -0.22,2.85 0.17,4.43 1.27,1.92 2.78,3.07 4.07,4.33 2.01,2.88 5.23,8.73 5.23,8.73 0,0 -0.52,-7.36 -3.64,-17.1 -0.41,-0.76 -1.8,-1.85 -1.8,-1.85 0,0 0.87,0.06 1.17,-0.19 0.53,-0.46 0.68,-1.3 0.63,-1.99 -0.07,-1.09 -1.41,-2.96 -1.41,-2.96 0,0 0.5,-0.61 0.63,-0.97 0.35,-1 0.58,-2.13 0.34,-3.16 -0.16,-0.69 -1.12,-1.8 -1.12,-1.8 0,0 0.65,-0.41 0.83,-0.73 0.36,-0.63 0.5,-1.42 0.39,-2.14 -0.1,-0.67 -0.92,-1.8 -0.92,-1.8 0,0 0.95,-1.08 1.17,-1.75 0.25,-0.77 0.49,-1.72 0.1,-2.43 -0.23,-0.43 -1.26,-0.73 -1.26,-0.73l1.6,-1.12c0,0 -3.42,0.18 -4.86,-0.59 -1.25,-0.67 -2.07,-2.01 -2.77,-3.25 0,0 -0.39,-0.85 -2.54,-7.61z"
        android:strokeAlpha="1" android:strokeColor="@color/colorPrimary"
        android:strokeLineCap="butt" android:strokeLineJoin="miter" android:strokeWidth="0.19061469"/>
    <path android:fillAlpha="1" android:fillColor="#00000000"
        android:fillType="evenOdd"
        android:pathData="m49.38,41.15c-1.1,1.05 -1.15,2.53 -1.34,3.88 -0.22,1.58 -0.38,5.32 0.24,4.78 4.08,-3.57 5.19,-4.21 8.42,-5.43 0.57,-1.69 -0.55,-5.36 -0.55,-5.36 0,0 -1.52,-0.6 -2.2,-0.14 -0.89,0.49 -1.37,1 -2.13,1.37 -0.78,0.39 -2.44,0.89 -2.44,0.89z"
        android:strokeAlpha="1" android:strokeColor="@color/colorPrimary"
        android:strokeLineCap="butt" android:strokeLineJoin="miter" android:strokeWidth="0.19061469"/>
    <path android:fillAlpha="1" android:fillColor="#00000000"
        android:fillType="evenOdd"
        android:pathData="m56.39,46.48c-2.54,-0.37 -8.11,4.5 -8.11,4.5l-0.17,3.68c0,0 6.55,-2.25 8.42,-1.24 0.09,-1.05 1.18,-4.96 -0.14,-6.94z"
        android:strokeAlpha="1" android:strokeColor="@color/colorPrimary"
        android:strokeLineCap="butt" android:strokeLineJoin="miter" android:strokeWidth="0.19061469"/>
    <path android:fillAlpha="1" android:fillColor="#00000000"
        android:fillType="evenOdd"
        android:pathData="m56.43,54.49c-2.07,-1.2 -8.31,1.37 -8.31,1.37 -0.71,3.52 0.48,5.81 0.48,5.81l6.22,-0.07c0,0 1.42,-0.5 1.86,-1.07 0.41,-0.53 0.55,-1.92 0.55,-1.92 0,0 0.16,-3.16 -0.79,-4.12z"
        android:strokeAlpha="1" android:strokeColor="@color/colorPrimary"
        android:strokeLineCap="butt" android:strokeLineJoin="miter" android:strokeWidth="0.19061469"/>
    <path android:fillAlpha="1" android:fillColor="#00000000"
        android:fillType="evenOdd"
        android:pathData="m55.09,62.46c-2.15,-0.04 -4.53,-0.37 -6.43,0.65 -0.96,6.62 5.83,23.04 6.87,24.02 0.77,0.52 1.41,0.21 1.41,0.21l0.1,-24.6c0,0 -1.3,-0.26 -1.96,-0.27z"
        android:strokeAlpha="1" android:strokeColor="@color/colorPrimary"
        android:strokeLineCap="butt" android:strokeLineJoin="miter" android:strokeWidth="0.19061469"/>
    <path android:fillAlpha="1" android:fillColor="#00000000"
        android:fillType="evenOdd"
        android:pathData="m77.79,29.56c-2.45,9.04 -2.15,10.07 -3.15,17.77 -0.18,1.26 -0.36,2.53 -0.53,3.79 -0.36,2.62 -1.06,5.3 -1.03,7.87 0.02,1.78 0.63,3.48 0.72,5.25 0.07,1.48 0.22,2.85 -0.17,4.43 -1.27,1.92 -2.78,3.07 -4.07,4.33 -2.01,2.88 -5.23,8.73 -5.23,8.73 0,0 0.52,-7.36 3.64,-17.1 0.41,-0.76 1.8,-1.85 1.8,-1.85 0,0 -0.87,0.06 -1.17,-0.19 -0.53,-0.46 -0.68,-1.3 -0.63,-1.99 0.07,-1.09 1.41,-2.96 1.41,-2.96 0,0 -0.5,-0.61 -0.63,-0.97 -0.35,-1 -0.58,-2.13 -0.34,-3.16 0.16,-0.69 1.12,-1.8 1.12,-1.8 0,0 -0.65,-0.41 -0.83,-0.73 -0.36,-0.63 -0.5,-1.42 -0.39,-2.14 0.1,-0.67 0.92,-1.8 0.92,-1.8 0,0 -0.95,-1.08 -1.17,-1.75 -0.25,-0.77 -0.49,-1.72 -0.1,-2.43 0.23,-0.43 1.26,-0.73 1.26,-0.73l-1.6,-1.12c0,0 3.42,0.18 4.86,-0.59 1.25,-0.67 2.07,-2.01 2.77,-3.25 0,0 0.39,-0.85 2.54,-7.61z"
        android:strokeAlpha="1" android:strokeColor="@color/colorPrimary"
        android:strokeLineCap="butt" android:strokeLineJoin="miter" android:strokeWidth="0.19061469"/>
    <path android:fillAlpha="1" android:fillColor="#00000000"
        android:fillType="evenOdd"
        android:pathData="m65.97,41.15c1.1,1.05 1.15,2.53 1.34,3.88 0.22,1.58 0.38,5.32 -0.24,4.78 -4.08,-3.57 -5.19,-4.21 -8.42,-5.43 -0.57,-1.69 0.55,-5.36 0.55,-5.36 0,0 1.52,-0.6 2.2,-0.14 0.89,0.49 1.37,1 2.13,1.37 0.78,0.39 2.44,0.89 2.44,0.89z"
        android:strokeAlpha="1" android:strokeColor="@color/colorPrimary"
        android:strokeLineCap="butt" android:strokeLineJoin="miter" android:strokeWidth="0.19061469"/>
    <path android:fillAlpha="1" android:fillColor="#00000000"
        android:fillType="evenOdd"
        android:pathData="m58.96,46.48c2.54,-0.37 8.11,4.5 8.11,4.5l0.17,3.68c0,0 -6.55,-2.25 -8.42,-1.24 -0.09,-1.05 -1.18,-4.96 0.14,-6.94z"
        android:strokeAlpha="1" android:strokeColor="@color/colorPrimary"
        android:strokeLineCap="butt" android:strokeLineJoin="miter" android:strokeWidth="0.19061469"/>
    <path android:fillAlpha="1" android:fillColor="#00000000"
        android:fillType="evenOdd"
        android:pathData="m58.93,54.49c2.07,-1.2 8.31,1.37 8.31,1.37 0.71,3.52 -0.48,5.81 -0.48,5.81l-6.22,-0.07c0,0 -1.42,-0.5 -1.86,-1.07 -0.41,-0.53 -0.55,-1.92 -0.55,-1.92 0,0 -0.16,-3.16 0.79,-4.12z"
        android:strokeAlpha="1" android:strokeColor="@color/colorPrimary"
        android:strokeLineCap="butt" android:strokeLineJoin="miter" android:strokeWidth="0.19061469"/>
    <path android:fillAlpha="1" android:fillColor="#00000000"
        android:fillType="evenOdd"
        android:pathData="m60.27,62.46c2.15,-0.04 4.53,-0.37 6.43,0.65 0.96,6.62 -5.83,23.04 -6.87,24.02 -0.77,0.52 -1.41,0.21 -1.41,0.21l-0.1,-24.6c0,0 1.3,-0.26 1.96,-0.27z"
        android:strokeAlpha="1" android:strokeColor="@color/colorPrimary"
        android:strokeLineCap="butt" android:strokeLineJoin="miter" android:strokeWidth="0.19061469"/>
    <path android:fillAlpha="1" android:fillColor="#00000000"
        android:fillType="evenOdd"
        android:pathData="m55.6,22.26c0,0 -1.28,-2.32 -1.75,-3.55 -0.45,-1.19 -0.57,-2.5 -1.02,-3.69 -0.54,-1.42 -1.99,-4.08 -1.99,-4.08l-0.49,-3.94c0,0 2.07,3.03 3.26,4.42 1.48,3 1.55,6.76 2.04,8.31 0.62,1.38 1.26,3.26 1.26,3.26z"
        android:strokeAlpha="1" android:strokeColor="@color/colorPrimary"
        android:strokeLineCap="butt" android:strokeLineJoin="miter" android:strokeWidth="0.19061469"/>
    <path android:fillAlpha="1" android:fillColor="#00000000"
        android:fillType="evenOdd"
        android:pathData="m53.71,20.85 l-2.33,-0.19c0,0 0.26,-0.4 0.29,-0.63 0.32,-2.2 -0.8,-5.08 -0.97,-6.61 -0.09,-0.79 0.1,-2.38 0.1,-2.38 0,0 0.96,1.84 1.31,2.58 1.08,4.15 1.6,7.24 1.6,7.24z"
        android:strokeAlpha="1" android:strokeColor="@color/colorPrimary"
        android:strokeLineCap="butt" android:strokeLineJoin="miter" android:strokeWidth="0.19061469"/>
    <path android:fillAlpha="1" android:fillColor="#00000000"
        android:fillType="evenOdd"
        android:pathData="m59.75,22.26c0,0 1.28,-2.32 1.75,-3.55 0.45,-1.19 0.57,-2.5 1.02,-3.69 0.54,-1.42 1.99,-4.08 1.99,-4.08l0.49,-3.94c0,0 -2.07,3.03 -3.26,4.42 -1.48,3 -1.55,6.76 -2.04,8.31 -0.62,1.38 -1.26,3.26 -1.26,3.26z"
        android:strokeAlpha="1" android:strokeColor="@color/colorPrimary"
        android:strokeLineCap="butt" android:strokeLineJoin="miter" android:strokeWidth="0.19061469"/>
    <path android:fillAlpha="1" android:fillColor="#00000000"
        android:fillType="evenOdd"
        android:pathData="m61.65,20.85 l2.33,-0.19c0,0 -0.26,-0.4 -0.29,-0.63 -0.32,-2.2 0.8,-5.08 0.97,-6.61 0.09,-0.79 -0.1,-2.38 -0.1,-2.38 0,0 -0.96,1.84 -1.31,2.58 -1.08,4.15 -1.6,7.24 -1.6,7.24z"
        android:strokeAlpha="1" android:strokeColor="@color/colorPrimary"
        android:strokeLineCap="butt" android:strokeLineJoin="miter" android:strokeWidth="0.19061469"/>
    <path android:fillAlpha="1" android:fillColor="#00000000"
        android:fillType="evenOdd"
        android:pathData="m47.8,21.14c0,0 -2.11,0.19 -6.17,2.48 -3.16,1.95 -5.4,4.68 -7.65,7.09 -2.48,1.93 -5.44,6.85 -5.44,6.85 0,0 0.35,-1.58 0.44,-2.38 0.17,-1.48 -0.12,-2.9 0.19,-4.47 0.45,-2.23 1.03,-4.38 2.19,-6.27 0.7,-1.13 1.66,-2.14 2.77,-2.87 1.5,-0.99 3.26,-1.73 5.05,-1.9 4.68,0.62 8.63,1.46 8.63,1.46z"
        android:strokeAlpha="1" android:strokeColor="@color/colorPrimary"
        android:strokeLineCap="butt" android:strokeLineJoin="miter" android:strokeWidth="0.19061469"/>
    <path android:fillAlpha="1" android:fillColor="#00000000"
        android:fillType="evenOdd"
        android:pathData="m67.55,21.14c0,0 2.11,0.19 6.17,2.48 3.16,1.95 5.4,4.68 7.65,7.09 2.48,1.93 5.44,6.85 5.44,6.85 0,0 -0.35,-1.58 -0.44,-2.38 -0.17,-1.48 0.12,-2.9 -0.19,-4.47 -0.45,-2.23 -1.03,-4.38 -2.19,-6.27 -0.7,-1.13 -1.66,-2.14 -2.77,-2.87 -1.5,-0.99 -3.26,-1.73 -5.05,-1.9 -4.68,0.62 -8.63,1.46 -8.63,1.46z"
        android:strokeAlpha="1" android:strokeColor="@color/colorPrimary"
        android:strokeLineCap="butt" android:strokeLineJoin="miter" android:strokeWidth="0.19061469"/>
    <path android:fillAlpha="1" android:fillColor="#00000000"
        android:fillType="evenOdd"
        android:pathData="m37.19,29.64c-2.92,0.45 -4.86,2.71 -8.89,8.56 -3.02,3.84 -3.79,6.35 -3.92,9.61 -1.94,4.35 -1.55,5.25 -1.55,5.25 0,0 1.41,0.32 2.16,-1.36 0.54,2.31 2.48,4.32 2.48,4.32l2.02,-3.33c0,0 -2.02,-1.5 -2.16,-2.55 -0.07,-0.99 0.57,-1.76 1.21,-2.43 1.34,-1.3 3.76,-2.23 5.25,-3.79 1.7,-1.78 3.11,-3.81 4.03,-6.17 0.56,-1.74 0.5,-3.31 0.24,-5.13 -0.25,-0.74 -0.44,-2.28 -0.87,-2.99z"
        android:strokeAlpha="1" android:strokeColor="@color/colorPrimary"
        android:strokeLineCap="butt" android:strokeLineJoin="miter" android:strokeWidth="0.19061469"/>
    <path android:fillAlpha="1" android:fillColor="#00000000"
        android:fillType="evenOdd"
        android:pathData="m78.17,29.64c2.92,0.45 4.86,2.71 8.89,8.56 2.02,2.12 2.88,5.77 3.92,9.23 1.75,4.4 1.55,5.63 1.55,5.63 0,0 -1.41,0.32 -2.16,-1.36 -0.54,2.31 -2.48,4.32 -2.48,4.32l-2.02,-3.33c0,0 2.02,-1.5 2.16,-2.55 0.07,-0.99 -0.57,-1.76 -1.21,-2.43 -1.34,-1.3 -3.76,-2.23 -5.25,-3.79 -1.7,-1.78 -3.11,-3.81 -4.03,-6.17 -0.56,-1.74 -0.5,-3.31 -0.24,-5.13 0.25,-0.74 0.44,-2.28 0.87,-2.99z"
        android:strokeAlpha="1" android:strokeColor="@color/colorPrimary"
        android:strokeLineCap="butt" android:strokeLineJoin="miter" android:strokeWidth="0.19061469"/>
    <path android:fillAlpha="1" android:fillColor="#00000000"
        android:fillType="evenOdd"
        android:pathData="m22.71,53.35c0,0.19 -1.85,3.79 -3.01,5.54 -2.44,3.66 -8.26,10.3 -8.26,10.3 0,0 -0.05,-1.27 1.78,-4.92 0.24,-1.44 1.37,-4.3 2.76,-6.01 2.02,-2.48 7.05,-7.58 7.05,-7.58z"
        android:strokeAlpha="1" android:strokeColor="@color/colorPrimary"
        android:strokeLineCap="butt" android:strokeLineJoin="miter" android:strokeWidth="0.19061469"/>
    <path android:fillAlpha="1" android:fillColor="#00000000"
        android:fillType="evenOdd"
        android:pathData="m26.4,50.78c-3.6,2.94 -3.87,3.59 -5.35,6.37 -0.75,1.41 -1.69,2.72 -2.53,4.08 -2.28,4.67 -7,11.56 -7,11.56l0.29,0.19 4.18,-5.39 5.35,-5.1c0,0 -1.36,2.77 -2.24,4.03 -1.8,2.6 -4.07,5.1 -6.12,7.24 -0.03,0.22 0.29,0.58 0.29,0.58l7.53,-8.11c0,0 4.19,-3.5 5.78,-5.69 2.14,-2.93 3.79,-6.56 4.91,-9.72 0.17,-0.63 0.15,-1.94 0.15,-1.94 0,0 -3.08,0.12 -5.25,1.9z"
        android:strokeAlpha="1" android:strokeColor="@color/colorPrimary"
        android:strokeLineCap="butt" android:strokeLineJoin="miter" android:strokeWidth="0.19061469"/>
    <path android:fillAlpha="1" android:fillColor="#00000000"
        android:fillType="evenOdd"
        android:pathData="m92.65,53.35c0,0.19 1.85,3.79 3.01,5.54 2.44,3.66 8.26,10.3 8.26,10.3 0,0 -0.48,-1.94 -2.16,-5.26 -1.15,-3.02 -1.76,-5.2 -3.48,-7.01 -3.12,-3.31 -5.95,-6.24 -5.95,-6.24z"
        android:strokeAlpha="1" android:strokeColor="@color/colorPrimary"
        android:strokeLineCap="butt" android:strokeLineJoin="miter" android:strokeWidth="0.19061469"/>
    <path android:fillAlpha="1" android:fillColor="#00000000"
        android:fillType="evenOdd"
        android:pathData="m88.95,50.78c3.6,2.94 3.87,3.59 5.35,6.37 0.75,1.41 1.69,2.72 2.53,4.08 2.28,4.67 7,11.56 7,11.56l-0.29,0.19 -4.18,-5.39 -5.35,-5.1c0,0 1.36,2.77 2.24,4.03 1.8,2.6 4.07,5.1 6.12,7.24 0.03,0.22 -0.29,0.58 -0.29,0.58l-7.53,-8.11c0,0 -4.19,-3.5 -5.78,-5.69 -2.14,-2.93 -3.79,-6.56 -4.91,-9.72 -0.17,-0.63 -0.15,-1.94 -0.15,-1.94 0,0 3.08,0.12 5.25,1.9z"
        android:strokeAlpha="1" android:strokeColor="@color/colorPrimary"
        android:strokeLineCap="butt" android:strokeLineJoin="miter" android:strokeWidth="0.19061469"/>
</vector>
