<vector android:height="24dp" android:viewportHeight="113.38583"
    android:viewportWidth="113.38583" android:width="24dp"
    xmlns:aapt="http://schemas.android.com/aapt" xmlns:android="http://schemas.android.com/apk/res/android">
    <path android:fillAlpha="1" android:fillColor="#00000000"
        android:fillType="nonZero"
        android:pathData="M57.35,57.48m-53.43,0a53.43,53.43 0,1 1,106.86 0a53.43,53.43 0,1 1,-106.86 0"
        android:strokeAlpha="1" android:strokeColor="#3a7632" android:strokeWidth="0.07404357"/>
    <path android:fillAlpha="1" android:fillColor="#00000000"
        android:fillType="evenOdd"
        android:pathData="m73.53,79.93 l-0.03,-11.93c-0.52,-2.55 -0.96,-3.97 -0.98,-7.14 0.95,-2.82 1.16,-5.99 1.16,-5.99 0,0 1.38,-1.78 2.55,-8.11 1.08,2.87 3.48,9 8.16,15.91 2.12,4.12 5.85,7.28 7.72,9.4 0,0 4.81,4.45 8.62,8.12l5.58,-4.58 -6.18,-9.6c-0.72,-2.56 -2.81,-6.19 -5.38,-9.72 -1.9,-2.61 -3.43,-3.13 -4.92,-6.1 -0.99,-1.98 -2.04,-3.41 -2.77,-5.29 -0.71,-1.82 -1.55,-5.72 -1.55,-5.72 0,0 -0.02,-2.62 -0.18,-5.14 -0.21,-3.34 -2.95,-9.05 -4.24,-10.36 -1.98,-2.02 -3.82,-2.3 -6.6,-2.84 -11.44,-3.29 -11.64,-6.23 -13.39,-14.23l-7.03,0c-1.75,8 -1.95,10.94 -13.39,14.23 -2.78,0.54 -4.63,0.82 -6.6,2.84 -1.29,1.31 -4.02,7.03 -4.24,10.36 -0.16,2.52 -0.18,5.14 -0.18,5.14 0,0 -0.84,3.9 -1.55,5.72 -0.73,1.88 -1.78,3.31 -2.77,5.29 -1.49,2.96 -3.02,3.49 -4.92,6.1 -2.57,3.53 -4.66,7.16 -5.38,9.72l-6.18,9.6 5.58,4.58c3.8,-3.67 8.62,-8.12 8.62,-8.12 1.86,-2.12 5.59,-5.28 7.72,-9.4 4.68,-6.91 7.08,-13.04 8.16,-15.91 1.17,6.33 2.55,8.11 2.55,8.11 0,0 0.22,3.18 1.16,5.99 -0.01,3.17 -0.46,4.59 -0.98,7.14l-0.03,11.93z"
        android:strokeAlpha="1" android:strokeColor="#3a7632"
        android:strokeLineCap="butt" android:strokeLineJoin="miter" android:strokeWidth="1.01496089"/>
    <path android:fillAlpha="1" android:fillColor="#00000000"
        android:fillType="evenOdd"
        android:pathData="m74.76,21.8c0,0 -8.3,-1.5 -11.01,-5.2 -2.71,-3.7 -3.32,-9.4 -3.32,-9.4l-1.27,49.93c0,0 2.07,-4.99 4.02,-8.04 1.82,-2.86 3.3,-5.87 3.57,-8.39 0.54,-5.19 2.3,-14.12 2.3,-14.12l-1.11,-0.69c2.08,-0.29 6.82,-4.09 6.82,-4.09z"
        android:strokeAlpha="1" android:strokeColor="#3a7632"
        android:strokeLineCap="butt" android:strokeLineJoin="miter" android:strokeWidth="0.64464897"/>
    <path android:fillAlpha="1" android:fillColor="#00000000"
        android:fillType="evenOdd"
        android:pathData="m40.44,21.8c0,0 8.3,-1.5 11.01,-5.2 2.71,-3.7 3.32,-9.4 3.32,-9.4l1.27,49.93c0,0 -2.07,-4.99 -4.02,-8.04 -1.82,-2.86 -3.3,-5.87 -3.57,-8.39 -0.54,-5.19 -2.3,-14.12 -2.3,-14.12l1.11,-0.69c-2.08,-0.29 -6.82,-4.09 -6.82,-4.09z"
        android:strokeAlpha="1" android:strokeColor="#3a7632"
        android:strokeLineCap="butt" android:strokeLineJoin="miter" android:strokeWidth="0.64464897"/>
    <path android:fillAlpha="1" android:fillColor="#00000000"
        android:fillType="nonZero"
        android:pathData="m69.46,26.69c1.62,-1.37 2.49,-1.29 4.17,-2.57 1.69,-1.29 2.42,-1.94 2.42,-1.94 0,0 0.29,0.1 2.77,1.11 2.48,1.02 3.46,3.76 4.61,6.1 0.66,1.34 1.03,2.88 1.24,4.41 0.36,2.49 0.09,4.51 0.09,4.51 0,0 -0.65,-2.02 -1.71,-2.97 -1.41,-1.27 -2.49,-2.97 -2.49,-2.97 0,0 -2.06,-2.61 -2.53,-3.4 -0.42,-0.69 -3.13,-1.49 -4.15,-1.54 -1.01,-0.05 -4.42,-0.74 -4.42,-0.74z"
        android:strokeAlpha="1" android:strokeColor="#3a7632"
        android:strokeLineCap="butt" android:strokeLineJoin="miter" android:strokeWidth="0.64464897"/>
    <path android:fillAlpha="1" android:fillColor="#00000000"
        android:fillType="nonZero"
        android:pathData="m45.74,26.69c-1.62,-1.37 -2.49,-1.29 -4.17,-2.57 -1.69,-1.29 -2.42,-1.94 -2.42,-1.94 0,0 -0.29,0.1 -2.77,1.11 -2.48,1.02 -3.46,3.76 -4.61,6.1 -0.66,1.34 -1.03,2.88 -1.24,4.41 -0.36,2.49 -0.09,4.51 -0.09,4.51 0,0 0.65,-2.02 1.71,-2.97 1.41,-1.27 2.49,-2.97 2.49,-2.97 0,0 2.06,-2.61 2.53,-3.4 0.42,-0.69 3.13,-1.49 4.15,-1.54 1.01,-0.05 4.42,-0.74 4.42,-0.74z"
        android:strokeAlpha="1" android:strokeColor="#3a7632"
        android:strokeLineCap="butt" android:strokeLineJoin="miter" android:strokeWidth="0.64464897"/>
    <path android:fillAlpha="1" android:fillColor="#3a7632"
        android:fillType="evenOdd"
        android:pathData="m66.95,41.89c0,0 0.28,-3.04 0.49,-4.54 0.37,-2.64 0.66,-5.32 1.34,-7.88 0.2,-0.74 0.78,-2.14 0.78,-2.14 0,0 3.44,0.19 4.79,0.41 1.61,0.27 2.68,0.54 3.16,0.98 0.95,0.86 2.35,3.19 2.35,3.19l-0.1,0.68c0,0 -0.58,-0.21 -0.98,-0.19 -0.83,0.06 -1.8,0.45 -2.41,0.98 -0.32,0.27 -0.36,0.86 -0.39,1.31 -0.16,2.36 -0.07,6.53 -0.07,6.53 0,0 -0.42,0.48 -0.68,0.6 -1.37,0.63 -2.9,0.66 -3.98,0.68 -1.07,0.01 -1.95,-0.39 -2.44,-0.45 -0.8,-0.1 -1.86,-0.15 -1.86,-0.15z"
        android:strokeAlpha="1" android:strokeColor="#3a7632"
        android:strokeLineCap="butt" android:strokeLineJoin="miter" android:strokeWidth="0.64464897"/>
    <path android:fillAlpha="1" android:fillColor="#3a7632"
        android:fillType="evenOdd"
        android:pathData="m48.25,41.89c0,0 -0.28,-3.04 -0.49,-4.54 -0.37,-2.64 -0.66,-5.32 -1.34,-7.88 -0.2,-0.74 -0.78,-2.14 -0.78,-2.14 0,0 -3.44,0.19 -4.79,0.41 -1.61,0.27 -2.68,0.54 -3.16,0.98 -0.95,0.86 -2.35,3.19 -2.35,3.19l0.1,0.68c0,0 0.58,-0.21 0.98,-0.19 0.83,0.06 1.8,0.45 2.41,0.98 0.32,0.27 0.36,0.86 0.39,1.31 0.16,2.36 0.07,6.53 0.07,6.53 0,0 0.42,0.48 0.68,0.6 1.37,0.63 2.9,0.66 3.98,0.68 1.07,0.01 1.95,-0.39 2.44,-0.45 0.8,-0.1 1.86,-0.15 1.86,-0.15z"
        android:strokeAlpha="1" android:strokeColor="#3a7632"
        android:strokeLineCap="butt" android:strokeLineJoin="miter" android:strokeWidth="0.64464897"/>
    <path android:fillAlpha="1" android:fillColor="#3a7632"
        android:fillType="evenOdd"
        android:pathData="m76.04,41.85c0,0 0.02,2.12 -0.16,3.15 -0.61,3.49 -1.95,7.4 -3.1,10.06 0,0 -0.29,2.46 -0.78,4.69 0,0 -0.95,3.38 -1.37,4.77 -0.33,1.08 -0.34,2.26 -0.65,3.34 -0.29,1 -0.99,2.12 -1.11,2.89 -0.25,1.96 -0.33,3.15 -0.33,3.15l-8.41,5.03 -0.98,-20.94c0,0 1.8,-4.53 3,-6.38 1.21,-1.87 2.18,-3.8 3.03,-5.52 0.65,-1.31 1.73,-3.9 1.73,-3.9 0,0 3.37,0.87 5.12,0.75 1.39,-0.1 4.01,-1.09 4.01,-1.09z"
        android:strokeAlpha="1" android:strokeColor="#3a7632"
        android:strokeLineCap="butt" android:strokeLineJoin="miter" android:strokeWidth="0.64464897"/>
    <path android:fillAlpha="1" android:fillColor="#3a7632"
        android:fillType="evenOdd"
        android:pathData="m71.87,61.56c0,0 -0.08,1.28 -0.07,1.91 0.01,0.53 0.13,1.58 0.13,1.58 0.41,1.79 0.74,3.53 0.72,5.37 -0.01,0.58 -0.2,2.18 -0.2,2.18 0,0 -0.49,-0.24 -0.75,-0.23 -0.46,0.03 -0.95,0.39 -1.3,0.56 -0.54,0.26 -1.5,1.09 -1.5,1.09l-0.2,-0.45 0.26,-1.58c0,0 -0.28,-1.34 1.17,-3.87 0.66,-4.67 1.73,-6.57 1.73,-6.57z"
        android:strokeAlpha="1" android:strokeColor="#3a7632"
        android:strokeLineCap="butt" android:strokeLineJoin="miter" android:strokeWidth="0.64464897"/>
    <path android:fillAlpha="1" android:fillColor="#3a7632"
        android:fillType="evenOdd"
        android:pathData="m39.16,41.85c0,0 -0.02,2.12 0.16,3.15 0.61,3.49 1.95,7.4 3.1,10.06 0,0 0.29,2.46 0.78,4.69 0,0 0.95,3.38 1.37,4.77 0.33,1.08 0.34,2.26 0.65,3.34 0.29,1 0.99,2.12 1.11,2.89 0.25,1.96 0.33,3.15 0.33,3.15l8.41,5.03 0.98,-20.94c0,0 -1.8,-4.53 -3,-6.38 -1.21,-1.87 -2.18,-3.8 -3.03,-5.52 -0.65,-1.31 -1.73,-3.9 -1.73,-3.9 0,0 -3.37,0.87 -5.12,0.75 -1.39,-0.1 -4.01,-1.09 -4.01,-1.09z"
        android:strokeAlpha="1" android:strokeColor="#3a7632"
        android:strokeLineCap="butt" android:strokeLineJoin="miter" android:strokeWidth="0.64464897"/>
    <path android:fillAlpha="1" android:fillColor="#3a7632"
        android:fillType="evenOdd"
        android:pathData="m43.33,61.56c0,0 0.08,1.28 0.07,1.91 -0.01,0.53 -0.13,1.58 -0.13,1.58 -0.41,1.79 -0.74,3.53 -0.72,5.37 0.01,0.58 0.2,2.18 0.2,2.18 0,0 0.49,-0.24 0.75,-0.23 0.46,0.03 0.95,0.39 1.3,0.56 0.54,0.26 1.5,1.09 1.5,1.09l0.2,-0.45 -0.26,-1.58c0,0 0.28,-1.34 -1.17,-3.87 -0.66,-4.67 -1.73,-6.57 -1.73,-6.57z"
        android:strokeAlpha="1" android:strokeColor="#3a7632"
        android:strokeLineCap="butt" android:strokeLineJoin="miter" android:strokeWidth="0.64464897"/>
    <path android:fillAlpha="1" android:fillColor="#00000000"
        android:fillType="evenOdd"
        android:pathData="m84.2,37.79c0,0 0.29,1.44 0.83,3.07 0.54,1.63 0.97,2.87 0.97,2.87 0,0 0.82,2.88 1.01,5.47 0.19,2.59 0.49,3.33 0.56,5.63 0.06,2.3 -1.29,4.14 -1.29,4.14 0,0 -0.32,-2.77 -0.97,-4.78 -0.65,-2.01 -1.29,-3.11 -2,-4.62 -0.45,-0.96 -1.45,-2.81 -1.45,-2.81 0,0 -0.22,-3.99 -0.55,-5.95 -0.27,-1.6 -0.7,-3.16 -1.15,-4.7 -0.35,-1.18 -1.2,-3.48 -1.2,-3.48l1.57,0.32c0,0 0.48,1.11 1.75,2.02 1.28,0.91 1.94,2.82 1.94,2.82z"
        android:strokeAlpha="1" android:strokeColor="#3a7632"
        android:strokeLineCap="butt" android:strokeLineJoin="miter" android:strokeWidth="0.64464897"/>
    <path android:fillAlpha="1" android:fillColor="#00000000"
        android:fillType="evenOdd"
        android:pathData="m78.5,32.76c0,0 -1.84,0.91 -2.1,1.81 -0.27,0.9 -0.2,6.5 -0.23,6.69 -0.03,0.18 0.91,1.61 1.58,2.64 0.66,1.03 1.34,2.47 1.99,2.91 0.66,0.44 0.42,-0.63 1.01,-0.88 0.37,-0.16 0.83,0.71 0.83,0.71 0,0 -0.21,-3.7 -0.46,-5.46 -0.23,-1.6 -0.75,-3.19 -1.19,-4.72 -0.38,-1.32 -1.43,-3.69 -1.43,-3.69z"
        android:strokeAlpha="1" android:strokeColor="#3a7632"
        android:strokeLineCap="butt" android:strokeLineJoin="miter" android:strokeWidth="0.64464897"/>
    <path android:fillAlpha="1" android:fillColor="#00000000"
        android:fillType="evenOdd"
        android:pathData="m76.23,41.71c0,0 1.7,3.47 2.9,4.88 0.28,0.33 0.97,0.8 0.97,0.8 0,0 0.88,2.03 1.41,4.49 1.45,3.19 2.6,7.35 2.6,7.35l-0.14,0.96c0,0 -2.12,-3.16 -4.74,-8.49 0,0 -1.44,-2.92 -3.09,-6.96z"
        android:strokeAlpha="1" android:strokeColor="#3a7632"
        android:strokeLineCap="butt" android:strokeLineJoin="miter" android:strokeWidth="0.64464897"/>
    <path android:fillAlpha="1" android:fillColor="#00000000"
        android:fillType="evenOdd"
        android:pathData="m30.99,37.79c0,0 -0.29,1.44 -0.83,3.07 -0.54,1.63 -0.97,2.87 -0.97,2.87 0,0 -0.82,2.88 -1.01,5.47 -0.19,2.59 -0.49,3.33 -0.56,5.63 -0.06,2.3 1.29,4.14 1.29,4.14 0,0 0.32,-2.77 0.97,-4.78 0.65,-2.01 1.29,-3.11 2,-4.62 0.45,-0.96 1.45,-2.81 1.45,-2.81 0,0 0.22,-3.99 0.55,-5.95 0.27,-1.6 0.7,-3.16 1.15,-4.7 0.35,-1.18 1.2,-3.48 1.2,-3.48l-1.57,0.32c0,0 -0.48,1.11 -1.75,2.02 -1.28,0.91 -1.94,2.82 -1.94,2.82z"
        android:strokeAlpha="1" android:strokeColor="#3a7632"
        android:strokeLineCap="butt" android:strokeLineJoin="miter" android:strokeWidth="0.64464897"/>
    <path android:fillAlpha="1" android:fillColor="#00000000"
        android:fillType="evenOdd"
        android:pathData="m36.7,32.76c0,0 1.84,0.91 2.1,1.81 0.27,0.9 0.2,6.5 0.23,6.69 0.03,0.18 -0.91,1.61 -1.58,2.64 -0.66,1.03 -1.34,2.47 -1.99,2.91 -0.66,0.44 -0.42,-0.63 -1.01,-0.88 -0.37,-0.16 -0.83,0.71 -0.83,0.71 0,0 0.21,-3.7 0.46,-5.46 0.23,-1.6 0.75,-3.19 1.19,-4.72 0.38,-1.32 1.43,-3.69 1.43,-3.69z"
        android:strokeAlpha="1" android:strokeColor="#3a7632"
        android:strokeLineCap="butt" android:strokeLineJoin="miter" android:strokeWidth="0.64464897"/>
    <path android:fillAlpha="1" android:fillColor="#00000000"
        android:fillType="evenOdd"
        android:pathData="m38.96,41.71c0,0 -1.7,3.47 -2.9,4.88 -0.28,0.33 -0.97,0.8 -0.97,0.8 0,0 -0.88,2.03 -1.41,4.49 -1.45,3.19 -2.6,7.35 -2.6,7.35l0.14,0.96c0,0 2.65,-3.45 5.3,-9.98 0.76,-1.87 2.53,-5.47 2.53,-5.47z"
        android:strokeAlpha="1" android:strokeColor="#3a7632"
        android:strokeLineCap="butt" android:strokeLineJoin="miter" android:strokeWidth="0.64464897"/>
    <path android:fillAlpha="1" android:fillColor="#00000000"
        android:fillType="evenOdd"
        android:pathData="m87.85,51.74c-0.42,-2.06 -1.01,-5.66 -1.01,-5.66 0,0 1.93,4.36 3.38,6 1.29,1.91 2.97,3.42 4.26,5.32 1.41,2.06 2.56,4.34 3.79,6.55 0.91,1.64 1.7,3.38 2.67,4.98 1.34,2.24 4.32,6.48 4.32,6.48 0,0 -4.96,-6.83 -7.58,-10.1 -1.42,-1.76 -2.6,-3.93 -4.41,-5.12 -0.89,-0.59 -2.71,-2.43 -2.71,-2.43 0,0 -1.99,-3.89 -2.71,-6.02z"
        android:strokeAlpha="1" android:strokeColor="#3a7632"
        android:strokeLineCap="butt" android:strokeLineJoin="miter" android:strokeWidth="0.64464897"/>
    <path android:fillAlpha="1" android:fillColor="#00000000"
        android:fillType="evenOdd"
        android:pathData="m87.97,53.11c0.51,1.65 1.42,3.26 1.78,5.01 0.4,1.99 0.3,5.34 0.36,6.11 0.15,2.05 2.87,4.31 3.43,5.17 1.79,1.7 3.34,2.94 4.79,4.69 0.49,0.59 0.87,1.3 1.31,1.94 0.62,0.9 1.9,2.66 1.9,2.66l3.26,-2.73c0,0 -2.71,-4.52 -4.4,-6.44 -2.11,-2.4 -4.63,-6.5 -6.23,-8.09 -1.12,-1.07 -2.86,-2.19 -3.89,-3.53 -0.82,-1.7 -2.3,-4.79 -2.3,-4.79z"
        android:strokeAlpha="1" android:strokeColor="#3a7632"
        android:strokeLineCap="butt" android:strokeLineJoin="miter" android:strokeWidth="0.64464897"/>
    <path android:fillAlpha="1" android:fillColor="#00000000"
        android:fillType="evenOdd"
        android:pathData="m85.01,62.32c0,0 2.78,4.11 4.38,5.94 1.59,1.82 3.42,3.34 5.15,4.98 1.04,0.99 2.09,1.95 3.14,2.93 1.09,1.02 3.26,3.07 3.26,3.07l0.36,-0.34c0,0 -1.64,-2.22 -2.49,-3.68 -1.02,-1.75 -2.69,-2.86 -4.09,-4.23 -1.21,-1.2 -2.46,-2.35 -3.72,-3.48 -1.97,-1.77 -5.99,-5.19 -5.99,-5.19z"
        android:strokeAlpha="1" android:strokeColor="#3a7632"
        android:strokeLineCap="butt" android:strokeLineJoin="miter" android:strokeWidth="0.64464897"/>
    <path android:fillAlpha="1" android:fillColor="#00000000"
        android:fillType="evenOdd"
        android:pathData="m86.22,59.5c0.45,0.97 1.42,1.63 1.62,2.65 -0.04,0.58 -0.65,1.65 -0.65,1.65l4.08,3.57c0,0 -1.23,-1.69 -1.34,-2.81 -0.53,-2.14 -0.08,-3.72 -0.53,-6.67 -0.12,-0.71 -1.72,-4.67 -1.72,-4.67 0,0 0.35,2.23 -0.01,3.35 -0.33,1.03 -0.41,1.5 -1.45,2.92z"
        android:strokeAlpha="1" android:strokeColor="#3a7632"
        android:strokeLineCap="butt" android:strokeLineJoin="miter" android:strokeWidth="0.64464897"/>
    <path android:fillAlpha="1" android:fillColor="#00000000"
        android:fillType="evenOdd"
        android:pathData="m27.34,51.74c0.42,-2.06 1.01,-5.66 1.01,-5.66 0,0 -1.93,4.36 -3.38,6 -1.29,1.91 -2.97,3.42 -4.26,5.32 -1.41,2.06 -2.56,4.34 -3.79,6.55 -0.91,1.64 -1.7,3.38 -2.67,4.98 -1.34,2.24 -4.32,6.48 -4.32,6.48 0,0 4.96,-6.83 7.58,-10.1 1.42,-1.76 2.6,-3.93 4.41,-5.12 0.89,-0.59 2.71,-2.43 2.71,-2.43 0,0 1.99,-3.89 2.71,-6.02z"
        android:strokeAlpha="1" android:strokeColor="#3a7632"
        android:strokeLineCap="butt" android:strokeLineJoin="miter" android:strokeWidth="0.64464897"/>
    <path android:fillAlpha="1" android:fillColor="#00000000"
        android:fillType="evenOdd"
        android:pathData="m27.22,53.11c-0.51,1.65 -1.42,3.26 -1.78,5.01 -0.4,1.99 -0.3,5.34 -0.36,6.11 -0.15,2.05 -2.87,4.31 -3.43,5.17 -1.79,1.7 -3.34,2.94 -4.79,4.69 -0.49,0.59 -0.87,1.3 -1.31,1.94 -0.62,0.9 -1.9,2.66 -1.9,2.66l-3.26,-2.73c0,0 2.71,-4.52 4.4,-6.44 2.11,-2.4 4.63,-6.5 6.23,-8.09 1.12,-1.07 2.86,-2.19 3.89,-3.53 0.82,-1.7 2.3,-4.79 2.3,-4.79z"
        android:strokeAlpha="1" android:strokeColor="#3a7632"
        android:strokeLineCap="butt" android:strokeLineJoin="miter" android:strokeWidth="0.64464897"/>
    <path android:fillAlpha="1" android:fillColor="#00000000"
        android:fillType="evenOdd"
        android:pathData="m30.19,62.32c0,0 -2.78,4.11 -4.38,5.94 -1.59,1.82 -3.42,3.34 -5.15,4.98 -1.04,0.99 -2.09,1.95 -3.14,2.93 -1.09,1.02 -3.26,3.07 -3.26,3.07l-0.36,-0.34c0,0 1.64,-2.22 2.49,-3.68 1.02,-1.75 2.69,-2.86 4.09,-4.23 1.21,-1.2 2.46,-2.35 3.72,-3.48 1.97,-1.77 5.99,-5.19 5.99,-5.19z"
        android:strokeAlpha="1" android:strokeColor="#3a7632"
        android:strokeLineCap="butt" android:strokeLineJoin="miter" android:strokeWidth="0.64464897"/>
    <path android:fillAlpha="1" android:fillColor="#00000000"
        android:fillType="evenOdd"
        android:pathData="m28.97,59.5c-0.45,0.97 -1.42,1.63 -1.62,2.65 0.04,0.58 0.65,1.65 0.65,1.65l-4.08,3.57c0,0 1.23,-1.69 1.34,-2.81 0.53,-2.14 0.08,-3.72 0.53,-6.67 0.12,-0.71 1.72,-4.67 1.72,-4.67 0,0 -0.35,2.23 0.01,3.35 0.33,1.03 0.41,1.5 1.45,2.92z"
        android:strokeAlpha="1" android:strokeColor="#3a7632"
        android:strokeLineCap="butt" android:strokeLineJoin="miter" android:strokeWidth="0.64464897"/>
</vector>
