<vector android:height="24dp" android:viewportHeight="113.38583"
    android:viewportWidth="113.38583" android:width="24dp"
    xmlns:aapt="http://schemas.android.com/aapt" xmlns:android="http://schemas.android.com/apk/res/android">
    <path android:fillAlpha="1" android:fillColor="#00000000"
        android:fillType="evenOdd"
        android:pathData="m43.56,87.85c0,0 -0.82,-14.86 -2.46,-20.4 -0.16,-2.79 0.83,-9.52 0.83,-9.52 0,0 -2.69,-13.94 -2.89,-19.43 -1.09,2.5 -0.85,4.61 -5.56,10.65 -1.9,6.63 -4.26,12.27 -11.4,17.53 0,0 -3.31,3.52 -7.75,8.08l-2.36,-3.85 0.22,-2.26c-0.06,-2.05 3.16,-9.46 5.75,-12.55 1.91,-2.28 5.31,-4.51 5.97,-6.82 0.55,-1.92 0.9,-4.88 1.86,-7.14 0.62,-1.46 2.49,-4.07 2.49,-4.07 0,0 -0.01,-3.64 0.46,-5.8 0.87,-3.94 -0.27,-4.52 2.4,-7.76 1.96,-2.37 3.94,-3.78 6.74,-4.26 9.57,0.48 10.01,-5.34 11.77,-12.33l15.81,0c1.76,6.99 2.2,12.81 11.77,12.33 2.8,0.47 4.78,1.89 6.74,4.26 2.68,3.23 1.54,3.82 2.4,7.76 0.47,2.16 0.46,5.8 0.46,5.8 0,0 1.87,2.61 2.49,4.07 0.96,2.26 1.31,5.22 1.86,7.14 0.66,2.31 4.06,4.54 5.97,6.82 2.59,3.09 5.81,10.5 5.75,12.55l0.22,2.26 -2.36,3.85c-4.44,-4.56 -7.75,-8.08 -7.75,-8.08 -7.14,-5.25 -9.5,-10.9 -11.4,-17.53 -4.71,-6.04 -4.47,-8.14 -5.56,-10.65 -0.2,5.49 -2.89,19.43 -2.89,19.43 0,0 0.99,6.73 0.83,9.52 -1.64,5.54 -2.46,20.4 -2.46,20.4z"
        android:strokeAlpha="1" android:strokeColor="#3a7632"
        android:strokeLineCap="butt" android:strokeLineJoin="miter" android:strokeWidth="1.10426092"/>
    <path android:fillAlpha="1" android:fillColor="#00000000"
        android:fillType="nonZero"
        android:pathData="M56.82,57.32m-55.05,0a55.05,55.05 0,1 1,110.11 0a55.05,55.05 0,1 1,-110.11 0"
        android:strokeAlpha="1" android:strokeColor="#3a7632" android:strokeWidth="0.076"/>
    <path android:fillAlpha="1" android:fillColor="#00000000"
        android:fillType="evenOdd"
        android:pathData="m60.53,23.32c1.95,-1.02 4.12,-1.06 6.16,-0.73 3.05,0.55 5.85,2.13 7.92,3.71 2.4,1.83 4.83,4.79 4.83,4.79 0,0 -3.48,-1.78 -4.02,-0.52 -0.07,2.8 -0.29,5.02 -1.33,7.17 -0.69,1.41 -1.46,2.18 -2.58,2.74 -1.75,0.87 -4.12,0.83 -5.84,0.65 -2.19,-0.23 -3.85,-1.39 -5.71,-2.95 -0.37,-1.13 -1.14,-2.63 -1.23,-4.03 -0.24,-3.65 0.92,-8.66 1.8,-10.83z"
        android:strokeAlpha="1" android:strokeColor="#3a7632"
        android:strokeLineCap="butt" android:strokeLineJoin="miter" android:strokeWidth="0.20668704"/>
    <path android:fillAlpha="1" android:fillColor="#00000000"
        android:fillType="evenOdd"
        android:pathData="m54.38,23.32c-1.95,-1.02 -4.12,-1.06 -6.16,-0.73 -3.05,0.55 -5.85,2.13 -7.92,3.71 -2.4,1.83 -4.83,4.79 -4.83,4.79 0,0 3.48,-1.78 4.02,-0.52 0.07,2.8 0.29,5.02 1.33,7.17 0.69,1.41 1.46,2.18 2.58,2.74 1.75,0.87 4.12,0.83 5.84,0.65 2.19,-0.23 3.85,-1.39 5.71,-2.95 0.37,-1.13 1.14,-2.63 1.23,-4.03 0.24,-3.65 -0.92,-8.66 -1.8,-10.83z"
        android:strokeAlpha="1" android:strokeColor="#3a7632"
        android:strokeLineCap="butt" android:strokeLineJoin="miter" android:strokeWidth="0.20668704"/>
    <path android:fillAlpha="1" android:fillColor="#3a7632"
        android:fillType="evenOdd"
        android:pathData="m76.89,30.48c-2.37,8.73 -2.08,9.73 -3.04,17.17 -0.17,1.22 -0.35,2.44 -0.52,3.66 -0.34,2.53 -1.02,5.12 -0.99,7.6 0.02,1.72 0.61,3.37 0.69,5.07 0.07,1.43 0.22,2.75 -0.17,4.28 -1.23,1.85 -2.68,2.97 -3.93,4.18 -1.94,2.79 -5.06,8.44 -5.06,8.44 0,0 0.5,-7.11 3.52,-16.53 0.39,-0.73 1.74,-1.78 1.74,-1.78 0,0 -0.84,0.06 -1.13,-0.19 -0.51,-0.44 -0.66,-1.25 -0.61,-1.92 0.07,-1.05 1.36,-2.86 1.36,-2.86 0,0 -0.49,-0.59 -0.61,-0.94 -0.34,-0.96 -0.56,-2.05 -0.33,-3.05 0.15,-0.66 1.08,-1.74 1.08,-1.74 0,0 -0.62,-0.4 -0.8,-0.7 -0.34,-0.61 -0.48,-1.37 -0.38,-2.07 0.1,-0.64 0.89,-1.74 0.89,-1.74 0,0 -0.92,-1.05 -1.13,-1.69 -0.24,-0.74 -0.47,-1.66 -0.09,-2.35 0.23,-0.41 1.22,-0.7 1.22,-0.7l-1.55,-1.08c0,0 3.31,0.18 4.7,-0.57 1.21,-0.65 2,-1.94 2.68,-3.14 0,0 0.38,-0.82 2.45,-7.36z"
        android:strokeAlpha="1" android:strokeColor="#3a7632"
        android:strokeLineCap="butt" android:strokeLineJoin="miter" android:strokeWidth="0.20668704"/>
    <path android:fillAlpha="1" android:fillColor="#3a7632"
        android:fillType="evenOdd"
        android:pathData="m65.47,41.68c1.06,1.01 1.11,2.44 1.29,3.75 0.22,1.52 0.37,5.14 -0.23,4.61 -3.94,-3.45 -5.01,-4.06 -8.13,-5.25 -0.55,-1.63 0.53,-5.18 0.53,-5.18 0,0 1.47,-0.58 2.12,-0.13 0.86,0.47 1.33,0.96 2.06,1.33 0.75,0.37 2.36,0.86 2.36,0.86z"
        android:strokeAlpha="1" android:strokeColor="#3a7632"
        android:strokeLineCap="butt" android:strokeLineJoin="miter" android:strokeWidth="0.20668704"/>
    <path android:fillAlpha="1" android:fillColor="#3a7632"
        android:fillType="evenOdd"
        android:pathData="m58.7,46.83c2.46,-0.36 7.83,4.35 7.83,4.35l0.17,3.55c0,0 -6.33,-2.17 -8.13,-1.2 -0.09,-1.01 -1.14,-4.79 0.13,-6.71z"
        android:strokeAlpha="1" android:strokeColor="#3a7632"
        android:strokeLineCap="butt" android:strokeLineJoin="miter" android:strokeWidth="0.20668704"/>
    <path android:fillAlpha="1" android:fillColor="#3a7632"
        android:fillType="evenOdd"
        android:pathData="m58.66,54.56c2,-1.16 8.03,1.33 8.03,1.33 0.69,3.41 -0.46,5.61 -0.46,5.61l-6.01,-0.07c0,0 -1.37,-0.49 -1.79,-1.03 -0.4,-0.51 -0.53,-1.86 -0.53,-1.86 0,0 -0.15,-3.05 0.76,-3.98z"
        android:strokeAlpha="1" android:strokeColor="#3a7632"
        android:strokeLineCap="butt" android:strokeLineJoin="miter" android:strokeWidth="0.20668704"/>
    <path android:fillAlpha="1" android:fillColor="#3a7632"
        android:fillType="evenOdd"
        android:pathData="m59.96,62.27c2.08,-0.04 4.38,-0.36 6.21,0.63 0.93,6.4 -5.63,22.26 -6.64,23.21 -0.74,0.5 -1.36,0.2 -1.36,0.2l-0.1,-23.77c0,0 1.26,-0.25 1.89,-0.27z"
        android:strokeAlpha="1" android:strokeColor="#3a7632"
        android:strokeLineCap="butt" android:strokeLineJoin="miter" android:strokeWidth="0.20668704"/>
    <path android:fillAlpha="1" android:fillColor="#3a7632"
        android:fillType="evenOdd"
        android:pathData="m38.02,30.48c2.37,8.73 2.08,9.73 3.04,17.17 0.17,1.22 0.35,2.44 0.52,3.66 0.34,2.53 1.02,5.12 0.99,7.6 -0.02,1.72 -0.61,3.37 -0.69,5.07 -0.07,1.43 -0.22,2.75 0.17,4.28 1.23,1.85 2.68,2.97 3.93,4.18 1.94,2.79 5.06,8.44 5.06,8.44 0,0 -0.5,-7.11 -3.52,-16.53 -0.39,-0.73 -1.74,-1.78 -1.74,-1.78 0,0 0.84,0.06 1.13,-0.19 0.51,-0.44 0.66,-1.25 0.61,-1.92 -0.07,-1.05 -1.36,-2.86 -1.36,-2.86 0,0 0.49,-0.59 0.61,-0.94 0.34,-0.96 0.56,-2.05 0.33,-3.05 -0.15,-0.66 -1.08,-1.74 -1.08,-1.74 0,0 0.62,-0.4 0.8,-0.7 0.34,-0.61 0.48,-1.37 0.38,-2.07 -0.1,-0.64 -0.89,-1.74 -0.89,-1.74 0,0 0.92,-1.05 1.13,-1.69 0.24,-0.74 0.47,-1.66 0.09,-2.35 -0.23,-0.41 -1.22,-0.7 -1.22,-0.7l1.55,-1.08c0,0 -3.31,0.18 -4.7,-0.57 -1.21,-0.65 -2,-1.94 -2.68,-3.14 0,0 -0.38,-0.82 -2.45,-7.36z"
        android:strokeAlpha="1" android:strokeColor="#5ab74e"
        android:strokeLineCap="butt" android:strokeLineJoin="miter" android:strokeWidth="0.20668704"/>
    <path android:fillAlpha="1" android:fillColor="#3a7632"
        android:fillType="evenOdd"
        android:pathData="m49.44,41.68c-1.06,1.01 -1.11,2.44 -1.29,3.75 -0.22,1.52 -0.37,5.14 0.23,4.61 3.94,-3.45 5.01,-4.06 8.13,-5.25 0.55,-1.63 -0.53,-5.18 -0.53,-5.18 0,0 -1.47,-0.58 -2.12,-0.13 -0.86,0.47 -1.33,0.96 -2.06,1.33 -0.75,0.37 -2.36,0.86 -2.36,0.86z"
        android:strokeAlpha="1" android:strokeColor="#3a7632"
        android:strokeLineCap="butt" android:strokeLineJoin="miter" android:strokeWidth="0.20668704"/>
    <path android:fillAlpha="1" android:fillColor="#3a7632"
        android:fillType="evenOdd"
        android:pathData="m56.22,46.83c-2.46,-0.36 -7.83,4.35 -7.83,4.35l-0.17,3.55c0,0 6.33,-2.17 8.13,-1.2 0.09,-1.01 1.14,-4.79 -0.13,-6.71z"
        android:strokeAlpha="1" android:strokeColor="#3a7632"
        android:strokeLineCap="butt" android:strokeLineJoin="miter" android:strokeWidth="0.20668704"/>
    <path android:fillAlpha="1" android:fillColor="#3a7632"
        android:fillType="evenOdd"
        android:pathData="m56.25,54.56c-2,-1.16 -8.03,1.33 -8.03,1.33 -0.69,3.41 0.46,5.61 0.46,5.61l6.01,-0.07c0,0 1.37,-0.49 1.79,-1.03 0.4,-0.51 0.53,-1.86 0.53,-1.86 0,0 0.15,-3.05 -0.76,-3.98z"
        android:strokeAlpha="1" android:strokeColor="#3a7632"
        android:strokeLineCap="butt" android:strokeLineJoin="miter" android:strokeWidth="0.20668704"/>
    <path android:fillAlpha="1" android:fillColor="#3a7632"
        android:fillType="evenOdd"
        android:pathData="m54.95,62.27c-2.08,-0.04 -4.38,-0.36 -6.21,0.63 -0.93,6.4 5.63,22.26 6.64,23.21 0.74,0.5 1.36,0.2 1.36,0.2l0.1,-23.77c0,0 -1.26,-0.25 -1.89,-0.27z"
        android:strokeAlpha="1" android:strokeColor="#3a7632"
        android:strokeLineCap="butt" android:strokeLineJoin="miter" android:strokeWidth="0.20668704"/>
    <path android:fillAlpha="1" android:fillColor="#00000000"
        android:fillType="evenOdd"
        android:pathData="m59.46,23.42c0,0 1.24,-2.24 1.69,-3.43 0.44,-1.15 0.55,-2.41 0.99,-3.57 0.52,-1.37 1.92,-3.94 1.92,-3.94l0.47,-3.8c0,0 -2,2.93 -3.15,4.27 -1.43,2.89 -1.5,6.53 -1.97,8.03 -0.6,1.33 -1.22,3.15 -1.22,3.15z"
        android:strokeAlpha="1" android:strokeColor="#3a7632"
        android:strokeLineCap="butt" android:strokeLineJoin="miter" android:strokeWidth="0.20668704"/>
    <path android:fillAlpha="1" android:fillColor="#00000000"
        android:fillType="evenOdd"
        android:pathData="m61.29,22.06 l2.25,-0.19c0,0 -0.25,-0.39 -0.28,-0.61 -0.31,-2.13 0.77,-4.91 0.94,-6.39 0.09,-0.76 -0.09,-2.3 -0.09,-2.3 0,0 -0.93,1.78 -1.27,2.49 -1.04,4.01 -1.55,7 -1.55,7z"
        android:strokeAlpha="1" android:strokeColor="#3a7632"
        android:strokeLineCap="butt" android:strokeLineJoin="miter" android:strokeWidth="0.20668704"/>
    <path android:fillAlpha="1" android:fillColor="#00000000"
        android:fillType="evenOdd"
        android:pathData="m55.45,23.42c0,0 -1.24,-2.24 -1.69,-3.43 -0.44,-1.15 -0.55,-2.41 -0.99,-3.57 -0.52,-1.37 -1.92,-3.94 -1.92,-3.94l-0.47,-3.8c0,0 2,2.93 3.15,4.27 1.43,2.89 1.5,6.53 1.97,8.03 0.6,1.33 1.22,3.15 1.22,3.15z"
        android:strokeAlpha="1" android:strokeColor="#3a7632"
        android:strokeLineCap="butt" android:strokeLineJoin="miter" android:strokeWidth="0.20668704"/>
    <path android:fillAlpha="1" android:fillColor="#00000000"
        android:fillType="evenOdd"
        android:pathData="m53.62,22.06 l-2.25,-0.19c0,0 0.25,-0.39 0.28,-0.61 0.31,-2.13 -0.77,-4.91 -0.94,-6.39 -0.09,-0.76 0.09,-2.3 0.09,-2.3 0,0 0.93,1.78 1.27,2.49 1.04,4.01 1.55,7 1.55,7z"
        android:strokeAlpha="1" android:strokeColor="#3a7632"
        android:strokeLineCap="butt" android:strokeLineJoin="miter" android:strokeWidth="0.20668704"/>
    <path android:fillAlpha="1" android:fillColor="#00000000"
        android:fillType="evenOdd"
        android:pathData="m67,22.34c0,0 2.04,0.19 5.96,2.39 3.06,1.88 5.22,4.52 7.39,6.85 2.4,1.86 5.26,6.62 5.26,6.62 0,0 -0.33,-1.53 -0.42,-2.3 -0.16,-1.43 0.12,-2.8 -0.19,-4.32 -0.43,-2.15 -0.99,-4.24 -2.11,-6.06 -0.67,-1.09 -1.6,-2.07 -2.68,-2.77 -1.45,-0.95 -3.15,-1.67 -4.88,-1.83 -4.53,0.6 -8.33,1.41 -8.33,1.41z"
        android:strokeAlpha="1" android:strokeColor="#3a7632"
        android:strokeLineCap="butt" android:strokeLineJoin="miter" android:strokeWidth="0.20668704"/>
    <path android:fillAlpha="1" android:fillColor="#00000000"
        android:fillType="evenOdd"
        android:pathData="m47.92,22.34c0,0 -2.04,0.19 -5.96,2.39 -3.06,1.88 -5.22,4.52 -7.39,6.85 -2.4,1.86 -5.26,6.62 -5.26,6.62 0,0 0.33,-1.53 0.42,-2.3 0.16,-1.43 -0.12,-2.8 0.19,-4.32 0.43,-2.15 0.99,-4.24 2.11,-6.06 0.67,-1.09 1.6,-2.07 2.68,-2.77 1.45,-0.95 3.15,-1.67 4.88,-1.83 4.53,0.6 8.33,1.41 8.33,1.41z"
        android:strokeAlpha="1" android:strokeColor="#3a7632"
        android:strokeLineCap="butt" android:strokeLineJoin="miter" android:strokeWidth="0.20668704"/>
    <path android:fillAlpha="1" android:fillColor="#00000000"
        android:fillType="evenOdd"
        android:pathData="m77.25,30.56c2.82,0.43 4.69,2.62 8.59,8.27 2.92,3.71 3.66,6.13 3.78,9.29 1.88,4.2 1.5,5.07 1.5,5.07 0,0 -1.36,0.31 -2.09,-1.31 -0.53,2.23 -2.39,4.18 -2.39,4.18l-1.95,-3.22c0,0 1.95,-1.45 2.09,-2.46 0.06,-0.95 -0.55,-1.7 -1.17,-2.35 -1.3,-1.26 -3.63,-2.15 -5.07,-3.66 -1.64,-1.72 -3,-3.68 -3.9,-5.96 -0.54,-1.68 -0.48,-3.2 -0.23,-4.95 0.24,-0.72 0.43,-2.21 0.85,-2.89z"
        android:strokeAlpha="1" android:strokeColor="#3a7632"
        android:strokeLineCap="butt" android:strokeLineJoin="miter" android:strokeWidth="0.20668704"/>
    <path android:fillAlpha="1" android:fillColor="#00000000"
        android:fillType="evenOdd"
        android:pathData="m37.66,30.56c-2.82,0.43 -4.69,2.62 -8.59,8.27 -1.95,2.05 -2.79,5.58 -3.78,8.92 -1.69,4.25 -1.5,5.44 -1.5,5.44 0,0 1.36,0.31 2.09,-1.31 0.53,2.23 2.39,4.18 2.39,4.18l1.95,-3.22c0,0 -1.95,-1.45 -2.09,-2.46 -0.06,-0.95 0.55,-1.7 1.17,-2.35 1.3,-1.26 3.63,-2.15 5.07,-3.66 1.64,-1.72 3,-3.68 3.9,-5.96 0.54,-1.68 0.48,-3.2 0.23,-4.95 -0.24,-0.72 -0.43,-2.21 -0.85,-2.89z"
        android:strokeAlpha="1" android:strokeColor="#3a7632"
        android:strokeLineCap="butt" android:strokeLineJoin="miter" android:strokeWidth="0.20668704"/>
    <path android:fillAlpha="1" android:fillColor="#00000000"
        android:fillType="evenOdd"
        android:pathData="m91.25,53.47c0,0.19 1.79,3.66 2.91,5.35 2.36,3.54 7.98,9.95 7.98,9.95 0,0 0.05,-1.22 -1.72,-4.76 -0.23,-1.39 -1.33,-4.15 -2.67,-5.81 -1.95,-2.4 -6.81,-7.32 -6.81,-7.32z"
        android:strokeAlpha="1" android:strokeColor="#3a7632"
        android:strokeLineCap="butt" android:strokeLineJoin="miter" android:strokeWidth="0.20668704"/>
    <path android:fillAlpha="1" android:fillColor="#00000000"
        android:fillType="evenOdd"
        android:pathData="m87.68,50.98c3.47,2.84 3.74,3.47 5.16,6.15 0.73,1.36 1.63,2.63 2.44,3.94 2.2,4.51 6.76,11.17 6.76,11.17l-0.28,0.19 -4.04,-5.21 -5.16,-4.93c0,0 1.32,2.67 2.16,3.9 1.73,2.51 3.93,4.93 5.92,7 0.02,0.21 -0.28,0.56 -0.28,0.56l-7.28,-7.84c0,0 -4.05,-3.38 -5.59,-5.49 -2.07,-2.83 -3.66,-6.34 -4.74,-9.39 -0.17,-0.6 -0.14,-1.88 -0.14,-1.88 0,0 2.98,0.12 5.07,1.83z"
        android:strokeAlpha="1" android:strokeColor="#3a7632"
        android:strokeLineCap="butt" android:strokeLineJoin="miter" android:strokeWidth="0.20668704"/>
    <path android:fillAlpha="1" android:fillColor="#00000000"
        android:fillType="evenOdd"
        android:pathData="m23.67,53.47c0,0.19 -1.79,3.66 -2.91,5.35 -2.36,3.54 -7.98,9.95 -7.98,9.95 0,0 0.46,-1.87 2.09,-5.08 1.11,-2.92 1.71,-5.02 3.36,-6.78 3.01,-3.19 5.75,-6.03 5.75,-6.03z"
        android:strokeAlpha="1" android:strokeColor="#3a7632"
        android:strokeLineCap="butt" android:strokeLineJoin="miter" android:strokeWidth="0.20668704"/>
    <path android:fillAlpha="1" android:fillColor="#00000000"
        android:fillType="evenOdd"
        android:pathData="m27.23,50.98c-3.47,2.84 -3.74,3.47 -5.16,6.15 -0.73,1.36 -1.63,2.63 -2.44,3.94 -2.2,4.51 -6.76,11.17 -6.76,11.17l0.28,0.19 4.04,-5.21 5.16,-4.93c0,0 -1.32,2.67 -2.16,3.9 -1.73,2.51 -3.93,4.93 -5.92,7 -0.02,0.21 0.28,0.56 0.28,0.56l7.28,-7.84c0,0 4.05,-3.38 5.59,-5.49 2.07,-2.83 3.66,-6.34 4.74,-9.39 0.17,-0.6 0.14,-1.88 0.14,-1.88 0,0 -2.98,0.12 -5.07,1.83z"
        android:strokeAlpha="1" android:strokeColor="#3a7632"
        android:strokeLineCap="butt" android:strokeLineJoin="miter" android:strokeWidth="0.20668704"/>
</vector>
