<vector android:height="24dp" android:viewportHeight="113.38583"
    android:viewportWidth="113.38583" android:width="24dp"
    xmlns:aapt="http://schemas.android.com/aapt" xmlns:android="http://schemas.android.com/apk/res/android">
    <path android:fillAlpha="1" android:fillColor="#00000000"
        android:fillType="evenOdd"
        android:pathData="m42.49,92.11c0,0 -0.88,-15.95 -2.64,-21.89 -0.17,-2.99 0.89,-10.22 0.89,-10.22 0,0 -2.89,-14.96 -3.11,-20.85 -1.17,2.69 -0.91,4.95 -5.97,11.43 -2.04,7.11 -4.58,13.17 -12.24,18.81 0,0 -3.55,3.78 -8.31,8.67l-2.54,-4.14 0.24,-2.42c-0.07,-2.2 3.39,-10.15 6.17,-13.47 2.05,-2.45 5.7,-4.84 6.41,-7.32 0.59,-2.06 0.96,-5.24 2,-7.67 0.67,-1.57 2.67,-4.37 2.67,-4.37 0,0 -0.01,-3.91 0.5,-6.22 0.93,-4.23 -0.29,-4.86 2.58,-8.33 2.1,-2.54 4.23,-4.06 7.24,-4.57 10.27,0.51 10.74,-5.73 12.63,-13.24l16.97,0c1.89,7.5 2.36,13.75 12.63,13.24 3,0.51 5.13,2.02 7.24,4.57 2.87,3.47 1.65,4.09 2.58,8.33 0.51,2.32 0.5,6.22 0.5,6.22 0,0 2,2.8 2.67,4.37 1.03,2.43 1.41,5.6 2,7.67 0.71,2.48 4.36,4.88 6.41,7.32 2.78,3.31 6.23,11.27 6.17,13.47l0.24,2.42 -2.54,4.14c-4.76,-4.89 -8.31,-8.67 -8.31,-8.67 -7.66,-5.64 -10.19,-11.7 -12.24,-18.81 -5.06,-6.48 -4.8,-8.74 -5.97,-11.43 -0.22,5.89 -3.11,20.85 -3.11,20.85 0,0 1.07,7.23 0.89,10.22 -1.76,5.94 -2.64,21.89 -2.64,21.89z"
        android:strokeAlpha="1" android:strokeColor="#3a7632"
        android:strokeLineCap="butt" android:strokeLineJoin="miter" android:strokeWidth="1.02885435"/>
    <path android:fillAlpha="1" android:fillColor="#00000000"
        android:fillType="nonZero"
        android:pathData="M57.02,57.63m-54.1,0a54.1,54.1 0,1 1,108.2 0a54.1,54.1 0,1 1,-108.2 0"
        android:strokeAlpha="1" android:strokeColor="#3a7632" android:strokeWidth="0.076"/>
    <path android:fillAlpha="1" android:fillColor="#00000000"
        android:fillType="evenOdd"
        android:pathData="m60.71,22.86c2.09,-1.09 4.42,-1.13 6.62,-0.78 3.27,0.59 6.28,2.29 8.5,3.98 2.58,1.96 5.18,5.14 5.18,5.14 0,0 -3.74,-1.91 -4.31,-0.56 -0.07,3 -0.31,5.39 -1.43,7.7 -0.74,1.52 -1.57,2.34 -2.77,2.94 -1.88,0.94 -4.42,0.89 -6.26,0.7 -2.35,-0.25 -4.13,-1.49 -6.13,-3.17 -0.4,-1.22 -1.23,-2.82 -1.32,-4.32 -0.26,-3.92 0.99,-9.3 1.94,-11.62z"
        android:strokeAlpha="1" android:strokeColor="#3a7632"
        android:strokeLineCap="butt" android:strokeLineJoin="miter" android:strokeWidth="0.19223441"/>
    <path android:fillAlpha="1" android:fillColor="#00000000"
        android:fillType="evenOdd"
        android:pathData="m54.1,22.86c-2.09,-1.09 -4.42,-1.13 -6.62,-0.78 -3.27,0.59 -6.28,2.29 -8.5,3.98 -2.58,1.96 -5.18,5.14 -5.18,5.14 0,0 3.74,-1.91 4.31,-0.56 0.07,3 0.31,5.39 1.43,7.7 0.74,1.52 1.57,2.34 2.77,2.94 1.88,0.94 4.42,0.89 6.26,0.7 2.35,-0.25 4.13,-1.49 6.13,-3.17 0.4,-1.22 1.23,-2.82 1.32,-4.32 0.26,-3.92 -0.99,-9.3 -1.94,-11.62z"
        android:strokeAlpha="1" android:strokeColor="#3a7632"
        android:strokeLineCap="butt" android:strokeLineJoin="miter" android:strokeWidth="0.19223441"/>
    <path android:fillAlpha="1" android:fillColor="#00000000"
        android:fillType="evenOdd"
        android:pathData="m78.26,30.54c-2.54,9.37 -2.23,10.45 -3.27,18.43 -0.18,1.31 -0.38,2.62 -0.55,3.93 -0.37,2.72 -1.1,5.49 -1.07,8.16 0.02,1.84 0.65,3.61 0.74,5.44 0.07,1.53 0.23,2.95 -0.18,4.59 -1.32,1.99 -2.88,3.19 -4.22,4.49 -2.09,2.99 -5.43,9.06 -5.43,9.06 0,0 0.54,-7.63 3.78,-17.74 0.42,-0.79 1.86,-1.91 1.86,-1.91 0,0 -0.9,0.07 -1.21,-0.2 -0.55,-0.47 -0.7,-1.35 -0.66,-2.07 0.08,-1.13 1.46,-3.07 1.46,-3.07 0,0 -0.52,-0.63 -0.66,-1.01 -0.37,-1.03 -0.6,-2.2 -0.35,-3.28 0.16,-0.71 1.16,-1.86 1.16,-1.86 0,0 -0.67,-0.42 -0.86,-0.76 -0.37,-0.65 -0.51,-1.47 -0.4,-2.22 0.1,-0.69 0.96,-1.86 0.96,-1.86 0,0 -0.98,-1.12 -1.21,-1.81 -0.26,-0.8 -0.51,-1.78 -0.1,-2.52 0.24,-0.44 1.31,-0.76 1.31,-0.76l-1.66,-1.16c0,0 3.55,0.19 5.04,-0.61 1.3,-0.7 2.15,-2.09 2.87,-3.37 0,0 0.41,-0.88 2.63,-7.9z"
        android:strokeAlpha="1" android:strokeColor="#3a7632"
        android:strokeLineCap="butt" android:strokeLineJoin="miter" android:strokeWidth="0.19223441"/>
    <path android:fillAlpha="1" android:fillColor="#00000000"
        android:fillType="evenOdd"
        android:pathData="m66,42.57c1.14,1.08 1.19,2.62 1.39,4.03 0.23,1.64 0.4,5.52 -0.25,4.95 -4.23,-3.7 -5.38,-4.36 -8.73,-5.63 -0.59,-1.75 0.57,-5.56 0.57,-5.56 0,0 1.58,-0.62 2.28,-0.14 0.92,0.51 1.42,1.03 2.21,1.43 0.8,0.4 2.53,0.93 2.53,0.93z"
        android:strokeAlpha="1" android:strokeColor="#3a7632"
        android:strokeLineCap="butt" android:strokeLineJoin="miter" android:strokeWidth="0.19223441"/>
    <path android:fillAlpha="1" android:fillColor="#00000000"
        android:fillType="evenOdd"
        android:pathData="m58.73,48.09c2.64,-0.39 8.41,4.67 8.41,4.67l0.18,3.81c0,0 -6.8,-2.33 -8.73,-1.28 -0.09,-1.09 -1.22,-5.15 0.14,-7.2z"
        android:strokeAlpha="1" android:strokeColor="#3a7632"
        android:strokeLineCap="butt" android:strokeLineJoin="miter" android:strokeWidth="0.19223441"/>
    <path android:fillAlpha="1" android:fillColor="#00000000"
        android:fillType="evenOdd"
        android:pathData="m58.7,56.39c2.14,-1.25 8.62,1.43 8.62,1.43 0.74,3.66 -0.5,6.02 -0.5,6.02l-6.45,-0.07c0,0 -1.47,-0.52 -1.92,-1.1 -0.43,-0.54 -0.57,-2 -0.57,-2 0,0 -0.16,-3.27 0.82,-4.28z"
        android:strokeAlpha="1" android:strokeColor="#3a7632"
        android:strokeLineCap="butt" android:strokeLineJoin="miter" android:strokeWidth="0.19223441"/>
    <path android:fillAlpha="1" android:fillColor="#00000000"
        android:fillType="evenOdd"
        android:pathData="m60.09,64.66c2.23,-0.04 4.7,-0.39 6.66,0.68 1,6.86 -6.04,23.89 -7.13,24.91 -0.8,0.54 -1.46,0.21 -1.46,0.21l-0.11,-25.51c0,0 1.35,-0.27 2.03,-0.29z"
        android:strokeAlpha="1" android:strokeColor="#3a7632"
        android:strokeLineCap="butt" android:strokeLineJoin="miter" android:strokeWidth="0.19223441"/>
    <path android:fillAlpha="1" android:fillColor="#00000000"
        android:fillType="evenOdd"
        android:pathData="m36.54,30.54c2.54,9.37 2.23,10.45 3.27,18.43 0.18,1.31 0.38,2.62 0.55,3.93 0.37,2.72 1.1,5.49 1.07,8.16 -0.02,1.84 -0.65,3.61 -0.74,5.44 -0.07,1.53 -0.23,2.95 0.18,4.59 1.32,1.99 2.88,3.19 4.22,4.49 2.09,2.99 5.43,9.06 5.43,9.06 0,0 -0.54,-7.63 -3.78,-17.74 -0.42,-0.79 -1.86,-1.91 -1.86,-1.91 0,0 0.9,0.07 1.21,-0.2 0.55,-0.47 0.7,-1.35 0.66,-2.07 -0.08,-1.13 -1.46,-3.07 -1.46,-3.07 0,0 0.52,-0.63 0.66,-1.01 0.37,-1.03 0.6,-2.2 0.35,-3.28 -0.16,-0.71 -1.16,-1.86 -1.16,-1.86 0,0 0.67,-0.42 0.86,-0.76 0.37,-0.65 0.51,-1.47 0.4,-2.22 -0.1,-0.69 -0.96,-1.86 -0.96,-1.86 0,0 0.98,-1.12 1.21,-1.81 0.26,-0.8 0.51,-1.78 0.1,-2.52 -0.24,-0.44 -1.31,-0.76 -1.31,-0.76l1.66,-1.16c0,0 -3.55,0.19 -5.04,-0.61 -1.3,-0.7 -2.15,-2.09 -2.87,-3.37 0,0 -0.41,-0.88 -2.63,-7.9z"
        android:strokeAlpha="1" android:strokeColor="#3a7632"
        android:strokeLineCap="butt" android:strokeLineJoin="miter" android:strokeWidth="0.19223441"/>
    <path android:fillAlpha="1" android:fillColor="#00000000"
        android:fillType="evenOdd"
        android:pathData="m48.8,42.57c-1.14,1.08 -1.19,2.62 -1.39,4.03 -0.23,1.64 -0.4,5.52 0.25,4.95 4.23,-3.7 5.38,-4.36 8.73,-5.63 0.59,-1.75 -0.57,-5.56 -0.57,-5.56 0,0 -1.58,-0.62 -2.28,-0.14 -0.92,0.51 -1.42,1.03 -2.21,1.43 -0.8,0.4 -2.53,0.93 -2.53,0.93z"
        android:strokeAlpha="1" android:strokeColor="#3a7632"
        android:strokeLineCap="butt" android:strokeLineJoin="miter" android:strokeWidth="0.19223441"/>
    <path android:fillAlpha="1" android:fillColor="#00000000"
        android:fillType="evenOdd"
        android:pathData="m56.07,48.09c-2.64,-0.39 -8.41,4.67 -8.41,4.67l-0.18,3.81c0,0 6.8,-2.33 8.73,-1.28 0.09,-1.09 1.22,-5.15 -0.14,-7.2z"
        android:strokeAlpha="1" android:strokeColor="#3a7632"
        android:strokeLineCap="butt" android:strokeLineJoin="miter" android:strokeWidth="0.19223441"/>
    <path android:fillAlpha="1" android:fillColor="#00000000"
        android:fillType="evenOdd"
        android:pathData="m56.11,56.39c-2.14,-1.25 -8.62,1.43 -8.62,1.43 -0.74,3.66 0.5,6.02 0.5,6.02l6.45,-0.07c0,0 1.47,-0.52 1.92,-1.1 0.43,-0.54 0.57,-2 0.57,-2 0,0 0.16,-3.27 -0.82,-4.28z"
        android:strokeAlpha="1" android:strokeColor="#3a7632"
        android:strokeLineCap="butt" android:strokeLineJoin="miter" android:strokeWidth="0.19223441"/>
    <path android:fillAlpha="1" android:fillColor="#00000000"
        android:fillType="evenOdd"
        android:pathData="m54.72,64.66c-2.23,-0.04 -4.7,-0.39 -6.66,0.68 -1,6.86 6.04,23.89 7.13,24.91 0.8,0.54 1.46,0.21 1.46,0.21l0.11,-25.51c0,0 -1.35,-0.27 -2.03,-0.29z"
        android:strokeAlpha="1" android:strokeColor="#3a7632"
        android:strokeLineCap="butt" android:strokeLineJoin="miter" android:strokeWidth="0.19223441"/>
    <path android:fillAlpha="1" android:fillColor="#00000000"
        android:fillType="evenOdd"
        android:pathData="m59.55,22.97c0,0 1.33,-2.4 1.81,-3.68 0.47,-1.24 0.59,-2.59 1.06,-3.83 0.56,-1.47 2.07,-4.23 2.07,-4.23l0.5,-4.08c0,0 -2.14,3.14 -3.38,4.59 -1.53,3.11 -1.6,7.01 -2.12,8.62 -0.64,1.43 -1.31,3.38 -1.31,3.38z"
        android:strokeAlpha="1" android:strokeColor="#3a7632"
        android:strokeLineCap="butt" android:strokeLineJoin="miter" android:strokeWidth="0.19223441"/>
    <path android:fillAlpha="1" android:fillColor="#00000000"
        android:fillType="evenOdd"
        android:pathData="m61.52,21.51 l2.42,-0.2c0,0 -0.27,-0.42 -0.3,-0.66 -0.33,-2.29 0.83,-5.27 1.01,-6.85 0.09,-0.82 -0.1,-2.47 -0.1,-2.47 0,0 -1,1.91 -1.36,2.67 -1.12,4.3 -1.66,7.51 -1.66,7.51z"
        android:strokeAlpha="1" android:strokeColor="#3a7632"
        android:strokeLineCap="butt" android:strokeLineJoin="miter" android:strokeWidth="0.19223441"/>
    <path android:fillAlpha="1" android:fillColor="#00000000"
        android:fillType="evenOdd"
        android:pathData="m55.25,22.97c0,0 -1.33,-2.4 -1.81,-3.68 -0.47,-1.24 -0.59,-2.59 -1.06,-3.83 -0.56,-1.47 -2.07,-4.23 -2.07,-4.23l-0.5,-4.08c0,0 2.14,3.14 3.38,4.59 1.53,3.11 1.6,7.01 2.12,8.62 0.64,1.43 1.31,3.38 1.31,3.38z"
        android:strokeAlpha="1" android:strokeColor="#3a7632"
        android:strokeLineCap="butt" android:strokeLineJoin="miter" android:strokeWidth="0.19223441"/>
    <path android:fillAlpha="1" android:fillColor="#00000000"
        android:fillType="evenOdd"
        android:pathData="m53.29,21.51 l-2.42,-0.2c0,0 0.27,-0.42 0.3,-0.66 0.33,-2.29 -0.83,-5.27 -1.01,-6.85 -0.09,-0.82 0.1,-2.47 0.1,-2.47 0,0 1,1.91 1.36,2.67 1.12,4.3 1.66,7.51 1.66,7.51z"
        android:strokeAlpha="1" android:strokeColor="#3a7632"
        android:strokeLineCap="butt" android:strokeLineJoin="miter" android:strokeWidth="0.19223441"/>
    <path android:fillAlpha="1" android:fillColor="#00000000"
        android:fillType="evenOdd"
        android:pathData="m67.64,21.81c0,0 2.19,0.2 6.4,2.57 3.28,2.02 5.61,4.85 7.94,7.36 2.58,2 5.64,7.11 5.64,7.11 0,0 -0.36,-1.64 -0.45,-2.47 -0.17,-1.54 0.12,-3 -0.2,-4.64 -0.46,-2.31 -1.06,-4.55 -2.27,-6.5 -0.72,-1.17 -1.72,-2.22 -2.87,-2.97 -1.56,-1.02 -3.38,-1.8 -5.24,-1.97 -4.86,0.65 -8.94,1.51 -8.94,1.51z"
        android:strokeAlpha="1" android:strokeColor="#3a7632"
        android:strokeLineCap="butt" android:strokeLineJoin="miter" android:strokeWidth="0.19223441"/>
    <path android:fillAlpha="1" android:fillColor="#00000000"
        android:fillType="evenOdd"
        android:pathData="m47.16,21.81c0,0 -2.19,0.2 -6.4,2.57 -3.28,2.02 -5.61,4.85 -7.94,7.36 -2.58,2 -5.64,7.11 -5.64,7.11 0,0 0.36,-1.64 0.45,-2.47 0.17,-1.54 -0.12,-3 0.2,-4.64 0.46,-2.31 1.06,-4.55 2.27,-6.5 0.72,-1.17 1.72,-2.22 2.87,-2.97 1.56,-1.02 3.38,-1.8 5.24,-1.97 4.86,0.65 8.94,1.51 8.94,1.51z"
        android:strokeAlpha="1" android:strokeColor="#3a7632"
        android:strokeLineCap="butt" android:strokeLineJoin="miter" android:strokeWidth="0.19223441"/>
    <path android:fillAlpha="1" android:fillColor="#3a7632"
        android:fillType="evenOdd"
        android:pathData="m78.65,30.63c3.03,0.46 5.04,2.81 9.22,8.88 3.13,3.98 3.93,6.58 4.06,9.97 2.01,4.51 1.61,5.44 1.61,5.44 0,0 -1.46,0.33 -2.24,-1.41 -0.56,2.4 -2.57,4.48 -2.57,4.48l-2.09,-3.45c0,0 2.1,-1.55 2.24,-2.65 0.07,-1.02 -0.59,-1.82 -1.26,-2.52 -1.39,-1.35 -3.9,-2.31 -5.44,-3.93 -1.76,-1.84 -3.22,-3.95 -4.18,-6.4 -0.58,-1.81 -0.51,-3.43 -0.25,-5.32 0.26,-0.77 0.46,-2.37 0.91,-3.1z"
        android:strokeAlpha="1" android:strokeColor="#3a7632"
        android:strokeLineCap="butt" android:strokeLineJoin="miter" android:strokeWidth="0.19223441"/>
    <path android:fillAlpha="1" android:fillColor="#3a7632"
        android:fillType="evenOdd"
        android:pathData="m36.15,30.63c-3.03,0.46 -5.04,2.81 -9.22,8.88 -2.09,2.2 -2.99,5.99 -4.06,9.57 -1.82,4.56 -1.61,5.84 -1.61,5.84 0,0 1.46,0.33 2.24,-1.41 0.56,2.4 2.57,4.48 2.57,4.48l2.09,-3.45c0,0 -2.1,-1.55 -2.24,-2.65 -0.07,-1.02 0.59,-1.82 1.26,-2.52 1.39,-1.35 3.9,-2.31 5.44,-3.93 1.76,-1.84 3.22,-3.95 4.18,-6.4 0.58,-1.81 0.51,-3.43 0.25,-5.32 -0.26,-0.77 -0.46,-2.37 -0.91,-3.1z"
        android:strokeAlpha="1" android:strokeColor="#3a7632"
        android:strokeLineCap="butt" android:strokeLineJoin="miter" android:strokeWidth="0.19223441"/>
    <path android:fillAlpha="1" android:fillColor="#3a7632"
        android:fillType="evenOdd"
        android:pathData="m93.67,55.22c0,0.2 1.92,3.93 3.12,5.74 2.53,3.8 8.57,10.68 8.57,10.68 0,0 0.05,-1.31 -1.84,-5.11 -0.25,-1.49 -1.42,-4.46 -2.86,-6.23 -2.09,-2.58 -7.31,-7.86 -7.31,-7.86z"
        android:strokeAlpha="1" android:strokeColor="#3a7632"
        android:strokeLineCap="butt" android:strokeLineJoin="miter" android:strokeWidth="0.19223441"/>
    <path android:fillAlpha="1" android:fillColor="#3a7632"
        android:fillType="evenOdd"
        android:pathData="m89.84,52.55c3.73,3.05 4.01,3.72 5.54,6.6 0.78,1.47 1.75,2.82 2.62,4.23 2.36,4.84 7.26,11.99 7.26,11.99l-0.3,0.2 -4.33,-5.59 -5.54,-5.29c0,0 1.41,2.87 2.32,4.18 1.86,2.7 4.22,5.29 6.35,7.51 0.03,0.22 -0.3,0.6 -0.3,0.6l-7.81,-8.42c0,0 -4.34,-3.63 -6,-5.9 -2.22,-3.04 -3.93,-6.81 -5.09,-10.08 -0.18,-0.65 -0.15,-2.02 -0.15,-2.02 0,0 3.2,0.13 5.44,1.97z"
        android:strokeAlpha="1" android:strokeColor="#3a7632"
        android:strokeLineCap="butt" android:strokeLineJoin="miter" android:strokeWidth="0.19223441"/>
    <path android:fillAlpha="1" android:fillColor="#3a7632"
        android:fillType="evenOdd"
        android:pathData="m21.14,55.22c0,0.2 -1.92,3.93 -3.12,5.74 -2.53,3.8 -8.57,10.68 -8.57,10.68 0,0 0.49,-2.01 2.24,-5.45 1.19,-3.13 1.83,-5.39 3.61,-7.27 3.24,-3.43 6.17,-6.47 6.17,-6.47z"
        android:strokeAlpha="1" android:strokeColor="#3a7632"
        android:strokeLineCap="butt" android:strokeLineJoin="miter" android:strokeWidth="0.19223441"/>
    <path android:fillAlpha="1" android:fillColor="#3a7632"
        android:fillType="evenOdd"
        android:pathData="m24.97,52.55c-3.73,3.05 -4.01,3.72 -5.54,6.6 -0.78,1.47 -1.75,2.82 -2.62,4.23 -2.36,4.84 -7.26,11.99 -7.26,11.99l0.3,0.2 4.33,-5.59 5.54,-5.29c0,0 -1.41,2.87 -2.32,4.18 -1.86,2.7 -4.22,5.29 -6.35,7.51 -0.03,0.22 0.3,0.6 0.3,0.6l7.81,-8.42c0,0 4.34,-3.63 6,-5.9 2.22,-3.04 3.93,-6.81 5.09,-10.08 0.18,-0.65 0.15,-2.02 0.15,-2.02 0,0 -3.2,0.13 -5.44,1.97z"
        android:strokeAlpha="1" android:strokeColor="#3a7632"
        android:strokeLineCap="butt" android:strokeLineJoin="miter" android:strokeWidth="0.19223441"/>
</vector>
